customer_code,Days since last sales,Customer age in days,Recencia,Nro Sku,Frecuency,Indicator key
44059manora150746660017,97.0,84.0,96.5,86.5,18.5,4.0
29137manora32222775,100.0,98.0,98.0,36.0,48.0,8.0
21276manora212708320011,100.0,100.0,97.5,16.0,31.5,3.0
17053manora216386800013,98.0,96.5,98.0,32.0,44.5,7.0
17143manora216002960019,100.0,100.0,98.0,52.0,36.5,6.0
19003manora217665110011,100.0,100.0,98.0,43.0,44.5,10.0
17224manora,98.0,100.0,98.0,36.0,44.5,5.0
17058manora,97.0,96.5,97.0,27.0,27.5,3.0
18140manora,100.0,99.0,97.5,34.0,29.0,3.0
31022manora217124690014,100.0,99.0,98.0,36.0,33.0,4.0
167manora,100.0,99.0,97.5,61.0,30.5,4.0
25016manora,100.0,99.0,98.0,43.0,46.5,7.0
41029manora218274800018,98.0,100.0,90.0,33.5,7.0,0.0
31541manora218478650014,96.0,99.0,93.0,18.5,8.5,0.0
31199manora,83.0,97.5,97.5,21.0,26.0,2.0
17217manora,97.0,90.0,97.0,27.0,24.5,4.0
44047manora,100.0,97.5,98.0,43.0,47.5,16.0
44113manora218319310014,100.0,39.0,98.0,21.0,14.0,2.0
170manora,96.0,56.0,95.5,16.0,8.5,0.0
46169manora218052880015,100.0,92.0,100.0,7.0,100.0,19.0
17019manora215317890019,100.0,100.0,100.0,36.0,87.0,26.0
29161manora,100.0,99.0,98.0,21.0,42.5,3.0
18124manora,96.0,95.5,92.0,54.5,8.5,0.0
2635manora,61.0,85.0,79.0,8.0,1.0,0.0
29154manora,100.0,96.0,98.0,25.0,53.5,5.0
4087manora215755130015,99.0,100.0,97.5,41.0,29.5,3.0
44008manora,100.0,98.0,98.0,43.0,35.5,13.0
29627manora218940100016,100.0,82.0,97.5,14.0,26.0,2.0
17054manora,100.0,100.0,97.0,36.0,28.5,5.0
17025manora215270190016,100.0,95.0,93.0,23.0,8.5,0.5
44116manora219306120015,96.0,37.0,98.0,7.0,22.5,2.0
18098manora,94.0,99.0,97.0,36.0,27.0,4.0
44115manora219346520014,100.0,25.0,96.0,18.0,10.0,2.0
17017manora,92.0,100.0,96.0,41.0,17.5,1.0
41158manora219285340011,100.0,76.0,98.0,18.5,27.0,2.0
18094manora216826730018,100.0,98.0,98.0,14.0,34.0,3.0
20152manora,97.0,95.0,97.0,27.0,23.0,2.0
43032manora38758821,100.0,73.0,96.0,25.0,12.5,1.0
46160manora213637360014,100.0,92.0,98.0,23.0,32.0,3.0
46239manora216527340013,100.0,68.0,98.0,12.0,30.0,6.0
29520manora217370370012,98.0,96.0,97.0,78.0,34.0,2.0
46185manora214853480012,94.0,86.0,94.5,28.0,10.0,1.0
24279manora216590700013,100.0,100.0,98.0,47.0,49.5,20.0
17262manora218353040016,100.0,100.0,98.0,65.0,44.0,15.0
46161manora218551000010,97.0,94.0,95.5,23.0,14.5,3.0
24036manora211738380014,100.0,96.0,97.0,62.0,36.0,5.0
46255manora212455710011,100.0,49.5,99.0,53.0,42.0,3.0
46264manora219156120015,99.0,28.0,95.5,43.0,10.0,0.0
29179manora218574410010,100.0,100.0,94.5,56.5,72.0,4.0
46158manora218485390014,63.0,95.0,87.5,40.0,20.0,0.0
29522manora217642060018,100.0,97.5,90.5,40.0,40.0,3.0
44105manora219345580013,100.0,45.0,87.5,40.0,16.0,0.0
24249manora216468960014,100.0,98.0,94.0,80.0,56.0,9.0
46288manora219563740012,96.0,7.5,79.0,36.5,2.0,0.0
24272manora218860850019,100.0,96.0,91.5,63.0,52.5,6.0
46296manora216894120017,96.0,0.0,65.0,43.0,0.5,0.0
46122manora219030920012,100.0,96.0,82.0,66.0,20.0,1.0
29172manora217699950012,99.0,97.0,96.5,72.0,36.5,6.0
31203manora214827900018,100.0,98.0,99.0,83.0,89.5,22.0
46016manora216784910013,100.0,95.0,96.0,67.0,29.5,7.0
17291manora213824470014,99.0,93.0,95.5,32.0,27.0,2.0
44017manora218508520016,99.0,94.0,97.0,32.0,37.0,4.0
31156manora211911600017,100.0,97.0,97.0,43.0,42.0,6.0
12251manora215223790010,100.0,97.0,97.0,45.0,44.0,7.0
46262manora217892770012,95.0,48.0,43.5,1.0,1.5,0.0
29610manora218932670011,100.0,89.5,95.5,76.0,25.5,2.0
45065manora216198590015,100.0,100.0,97.0,78.5,46.0,11.0
41122manora,67.0,97.0,85.5,93.0,11.0,2.0
45007manora210337580014,95.0,98.0,86.0,23.5,5.0,0.0
29620manora214700770014,100.0,89.0,97.0,5.0,41.5,8.0
46178manora218773310016,100.0,89.5,97.5,15.0,29.0,4.0
27028manora215461010012,97.0,67.0,73.5,3.5,6.0,0.0
29655manora,97.0,44.5,98.0,56.0,16.0,3.0
30031manora020359120010,97.0,71.0,95.0,41.0,17.0,1.0
44073manora211867370015,100.0,82.0,90.0,6.0,19.5,2.0
44078manora080269170012,83.0,79.0,88.5,8.5,13.5,0.0
44060manora020482700011,95.5,67.0,95.0,75.5,10.0,1.0
12397manora212012570016,100.0,84.0,91.5,24.5,25.0,13.0
31542manora,97.5,100.0,71.0,8.0,11.0,1.0
41095manora218486890010,100.0,96.0,95.0,63.0,25.5,5.0
46065manora214378790016,92.0,42.0,91.0,7.5,3.0,0.0
44094manora219335030010,100.0,53.0,97.0,56.0,22.0,5.0
17430manora213720110011,100.0,99.0,98.0,28.0,33.0,6.0
29652manora217517850017,100.0,49.0,98.0,43.0,18.5,13.0
44082manora55998121,67.0,75.0,89.5,7.5,3.0,0.0
22176manora,97.0,96.5,97.5,58.5,28.0,4.0
29630manora216967730014,98.0,80.5,97.0,63.0,21.5,3.0
29658manora212088290014,62.5,39.0,92.5,16.5,2.0,0.0
12259manora212762880011,100.0,98.0,94.5,28.0,22.0,1.0
29105manora218952080015,100.0,93.5,100.0,100.0,100.0,100.0
17376manora212667900019,100.0,94.0,95.5,36.0,28.0,5.0
46212manora216761220010,100.0,78.0,96.0,12.5,15.0,1.0
41123manora218107680012,100.0,37.0,98.0,36.0,18.5,4.0
46270manora219494150010,63.0,31.0,0.0,0.0,0.0,
44088manora11111111,97.5,69.0,94.0,12.5,9.0,0.0
24037manora216489210014,100.0,84.0,96.5,52.0,30.0,5.0
4015manora,95.5,100.0,96.0,56.0,18.5,2.0
46151manora217415500017,97.5,97.0,88.0,15.0,6.0,0.0
12215manora219066580017,100.0,94.0,96.5,68.0,33.0,14.0
41212manora217257860018,71.0,22.0,7.5,0.0,0.0,
44123manora217481090018,100.0,21.0,98.0,16.0,11.0,1.0
29654manora218419820014,100.0,46.0,97.0,5.0,12.5,1.0
46261manora218722780015,100.0,49.0,97.0,97.0,14.5,9.0
20137manora215284920011,100.0,97.0,97.0,67.0,37.5,19.0
29607manora215081950013,98.0,93.0,87.5,16.5,17.0,1.0
29668manora214947760019,74.0,24.0,94.0,7.0,0.0,0.0
46249manora218568370010,100.0,61.0,96.5,23.5,14.5,1.0
44136manora217434160013,96.0,16.5,97.5,14.0,6.0,1.0
41222manora218957310019,100.0,15.0,97.0,32.0,8.5,1.0
46278manora219435320010,96.0,22.0,87.0,12.5,1.0,0.0
24142manora210172100011,100.0,100.0,98.0,100.0,58.0,11.0
27012manora213341610016,100.0,95.0,87.0,45.5,29.0,14.0
46283manora218399510015,100.0,16.5,94.0,18.5,4.5,0.0
41024manora,100.0,100.0,93.5,22.0,38.5,3.0
41131manora218808820015,94.0,100.0,80.5,16.5,11.5,0.0
46237manora216145640018,100.0,69.0,81.0,15.0,2.5,0.0
29066manora216706640011,97.0,36.0,96.0,8.0,7.0,0.0
17377manora215136720014,98.0,100.0,88.5,52.0,10.0,2.0
46219manora217274650018,94.0,77.0,66.5,18.0,5.0,0.0
44138manora210673260011,100.0,11.0,96.0,38.5,5.5,2.0
46248manora217134140017,97.0,62.0,80.0,12.0,1.5,0.0
44102manora218904170018,98.0,50.0,82.5,35.0,6.5,2.0
12225manora214211910018,100.0,96.0,96.5,83.0,34.5,22.0
29183manora211457440013,94.0,98.0,96.5,48.0,33.0,20.0
46112manora218172300016,100.0,90.0,97.0,58.5,41.5,5.0
29614manora211223740010,100.0,94.5,88.5,11.5,19.0,22.0
29024manora214954100010,97.5,97.0,97.0,54.0,38.0,9.0
12297manora213626870016,100.0,96.0,97.5,72.0,52.0,12.0
52008manora213217480017,97.0,47.0,74.0,28.5,1.0,0.0
46113manora216905460013,100.0,89.0,97.0,45.0,41.0,7.0
45073manora213302150018,100.0,86.5,97.0,75.0,34.0,5.0
27043manora110301220011,97.0,100.0,97.0,72.0,37.0,11.0
24267manora215079390014,100.0,97.0,97.5,87.0,51.0,20.0
45060manora110118590018,100.0,96.0,97.0,25.0,32.5,4.0
46189manora210156590018,100.0,83.0,95.0,40.0,19.0,3.0
46009manora211309990015,98.0,97.0,95.0,62.0,18.0,2.0
12375manora218318030018,98.0,97.0,95.0,65.0,23.5,6.0
41150manora213313200011,100.0,43.0,94.0,37.0,9.0,1.0
29612manora217594820011,100.0,98.0,89.5,63.0,11.5,2.0
12216manora214123870014,100.0,85.0,97.0,72.0,39.0,52.0
2463manora216614620014,97.5,100.0,91.5,58.0,22.0,2.0
29665manora216633870012,87.0,4.5,14.0,0.0,0.0,
29601manora215539950018,100.0,96.0,97.0,56.0,40.0,18.0
21193manora214421990018,100.0,98.0,96.0,58.5,32.0,3.0
24259manora215929290012,97.5,100.0,98.0,62.0,63.0,2.0
41062manora210704400014,100.0,96.5,97.5,54.0,51.5,34.0
46003manora218068030016,100.0,95.0,92.0,100.0,47.0,42.0
24276manora216423960015,95.0,85.0,62.5,37.0,7.0,2.0
12328manora214133510010,100.0,98.0,96.0,65.0,31.5,5.0
46200manora217997950010,26.0,81.0,97.5,23.5,3.0,0.0
44018manora215368210015,91.0,97.0,89.5,56.0,10.5,13.0
29623manora217439210019,44.0,86.0,76.5,40.0,5.0,0.0
29632manora47182928,34.5,78.0,89.0,15.0,0.5,0.0
46206manora215066090017,27.0,79.5,94.5,23.5,1.0,0.0
12363manora218793890018,97.5,96.0,72.5,33.0,12.0,5.0
29631manora218397670015,41.0,78.0,97.5,12.5,7.0,0.0
46194manora218377360010,72.0,82.5,93.0,28.5,6.0,1.0
44107manora219308070015,97.5,48.0,91.5,20.0,11.5,0.0
12188manora217472180018,93.0,55.0,88.0,1.0,5.0,0.0
24032manora,97.0,97.5,96.5,21.0,20.0,3.0
12185manora214401220012,100.0,58.0,95.0,16.0,14.0,1.0
44093manora218569460013,96.5,62.0,96.0,14.0,11.0,1.0
29211manora080062780016,96.0,97.0,93.5,38.5,17.5,2.0
41221manora217808430014,97.0,16.0,98.0,21.0,8.5,2.0
29639manora219360540019,75.5,60.0,75.0,73.0,6.0,0.0
44032manora215368210015,94.0,97.0,90.0,54.0,11.0,10.0
46106manora217871740017,98.0,97.0,95.5,47.0,27.5,1.0
12373manora216905460013,39.0,57.0,97.0,7.0,0.0,0.0
299manora213429320013,100.0,98.0,99.0,83.0,100.0,47.0
12258manora215157570011,100.0,96.0,97.0,41.0,39.5,10.0
41176manora219344280016,94.0,61.5,96.0,47.0,11.5,3.0
160manora215462670016,100.0,98.0,97.0,25.0,40.0,1.0
2448manora218636880015,100.0,97.0,98.0,41.0,41.5,4.0
41157manora214089880016,95.0,81.0,67.5,16.5,5.5,0.0
41211manora217239770010,100.0,22.0,98.0,16.0,9.0,2.0
41178manora49333729,97.0,58.0,94.0,36.0,7.5,0.0
17253manora213710210013,100.0,100.0,97.0,62.0,36.0,3.0
12387manora213337200011,100.0,98.0,97.0,88.0,21.5,45.0
46148manora217650550010,0.0,98.0,3.5,0.0,0.0,
46121manora213630310011,23.5,97.0,96.0,16.0,4.5,0.0
29218manora216590700013,0.0,96.0,97.0,6.0,0.0,0.0
27044manora217372460019,100.0,100.0,66.0,16.0,10.0,1.0
29588manora219169020014,98.0,93.5,67.5,33.0,10.0,1.0
29177manora216635580011,7.0,96.0,83.5,3.5,0.5,0.0
29219manora219366350017,87.0,85.0,94.5,12.5,11.0,11.0
17379manora215247340015,100.0,98.0,97.5,74.0,29.5,30.0
12200manora214861470012,100.0,89.0,97.0,63.0,34.5,11.0
44054manora218996120012,96.5,95.0,80.5,29.0,18.0,4.0
44071manora218909350014,42.0,82.0,85.5,6.0,4.0,0.0
24048manora210240970012,15.0,82.0,1.0,0.0,0.0,
44013manora217757910014,19.0,81.0,81.5,1.0,0.0,0.0
41064manora214872580019,100.0,98.0,97.5,63.0,54.0,36.0
29524manora216635580011,22.0,84.0,90.5,6.0,2.0,0.0
12191manora210410440019,100.0,95.0,97.0,74.0,44.5,22.0
44092manora219120750019,98.0,64.0,98.0,18.5,25.0,5.0
24103manora213046030012,97.0,100.0,97.0,14.0,23.0,3.0
45112manora060029250017,98.0,83.5,86.0,24.0,10.0,1.0
46231manora45052254,39.0,72.5,67.0,0.0,0.0,2.0
24205manora212367430017,100.0,95.0,97.0,56.0,42.5,23.0
46257manora52997839,90.0,52.0,79.5,16.5,25.0,8.0
12391manora214353080015,100.0,87.0,98.0,41.0,62.5,56.0
44084manora218312620018,96.0,71.0,89.5,18.0,12.0,0.0
700manora,51.0,45.0,92.0,0.0,0.0,1.5
41114manora,97.5,91.0,97.0,14.0,20.0,1.0
41191manora218179270015,100.0,48.0,95.5,43.0,25.0,3.0
41138manora213294450011,98.0,98.0,98.0,54.0,46.0,9.0
31525manora,91.0,100.0,93.5,53.5,36.0,8.0
46175manora52108852,85.0,87.0,80.5,100.0,25.0,15.0
180manora216693410018,100.0,91.0,98.0,18.5,37.5,8.0
29606manora43203540,100.0,91.0,84.5,20.0,25.0,1.0
44119manora218676140012,100.0,30.0,96.0,14.0,22.0,5.0
41220manora219237450015,86.0,18.0,94.5,6.0,4.0,0.0
19035manora215113750014,93.0,79.0,98.0,44.5,45.5,34.0
29616manora216680850014,80.5,87.0,95.5,34.0,17.0,0.0
44141manora219158050014,82.0,14.0,95.5,3.0,0.0,0.0
31535manora37036424,58.5,88.0,0.0,0.0,0.0,0.0
46156manora219026250016,22.0,96.5,59.5,8.5,1.0,0.0
21041manora215232420018,53.5,97.0,93.0,7.5,5.5,0.0
44087manora1111111,32.0,69.5,94.0,7.5,0.0,0.0
16390manora217927620011,74.0,53.0,98.0,7.5,11.0,4.0
52001manora210364140011,58.5,44.0,92.0,15.0,0.0,0.0
52006manora210000980013,95.0,45.0,96.5,28.5,10.5,1.0
45017manora214557980014,96.0,45.0,94.0,15.0,6.0,1.0
43061manora217745330018,97.0,39.0,91.0,12.5,3.0,0.0
52025manora214841020011,97.0,42.0,95.0,28.5,6.5,0.0
51026manora218062430012,87.0,30.0,88.0,0.0,1.0,0.0
52052manora40938409,75.0,23.0,89.0,12.5,0.0,0.0
51037manora110418080015,82.5,14.0,92.0,15.0,0.0,0.0
52038manora218055420015,99.0,36.0,98.0,70.5,19.5,1.0
52044manora219382490014,96.0,31.0,96.0,36.0,6.0,0.0
53008manora219300970017,96.0,11.0,85.0,12.5,0.0,0.0
52015manora213648460015,83.0,45.0,65.5,12.5,0.0,0.0
52013manora47146831,98.0,45.5,85.5,7.5,2.0,0.0
52007manora214224660015,97.5,47.0,97.0,100.0,15.0,3.0
45015manora217519880010,94.0,31.0,68.0,12.5,0.0,1.0
52076manora218073580010,95.5,4.0,96.0,70.5,1.0,3.0
31515manora217990680018,5.0,100.0,65.5,7.0,0.0,0.0
41144manora48061262,97.0,97.0,94.0,16.0,10.0,1.0
17093manora215950740013,97.0,100.0,97.5,27.0,29.0,5.0
44049manora219331480011,97.0,98.0,94.5,40.0,18.0,1.0
17173manora216683230017,100.0,100.0,97.0,16.0,23.5,1.0
25014manora215527760014,34.0,97.0,86.0,8.0,1.0,0.0
41147manora46472271,17.0,95.0,97.0,8.0,2.5,0.0
46115manora218572830012,98.0,96.5,98.0,61.0,31.5,11.0
29617manora218396840014,4.0,93.0,8.0,0.0,0.0,
24171manora217087750012,18.0,99.0,97.0,21.0,3.5,0.0
4484manora214347120019,96.0,99.0,93.0,8.0,9.0,1.0
41149manora215777360013,62.0,87.0,94.0,5.0,5.5,0.0
29003manora218222740014,14.0,92.0,83.5,8.5,1.0,0.0
24248manora212672410016,34.0,93.0,92.0,21.5,3.0,0.0
44086manora217718760015,72.0,69.0,95.0,23.0,6.0,0.0
29194manora212570880013,41.0,89.0,67.5,8.5,2.0,0.0
4412manora216941630012,88.5,100.0,96.0,38.5,15.5,1.0
41152manora217782570019,98.0,87.5,98.0,52.0,41.5,11.0
17108manora216751140014,98.0,100.0,98.0,32.0,32.5,5.0
42210manora219199670017,100.0,72.0,96.0,32.0,15.0,1.0
29682manora219549840013,100.0,4.5,98.0,7.0,5.0,0.0
29112manora,13.0,98.0,97.0,16.0,3.0,0.0
25030manora,100.0,97.0,98.0,23.0,34.5,4.0
21144manora,98.0,90.5,96.5,14.0,18.5,1.0
648manora,96.0,78.5,90.0,12.0,5.0,0.0
556manora,94.0,95.0,97.0,56.0,26.0,18.0
29147manora,96.5,100.0,97.5,74.0,29.0,3.0
29123manora,82.0,96.0,97.0,21.0,20.5,2.0
25012manora,95.0,76.0,91.0,7.0,5.5,0.0
41090manora,100.0,91.5,97.5,18.5,28.0,1.0
24006manora,90.0,88.5,87.0,18.5,3.5,0.0
18093manora,96.5,97.0,97.5,14.0,28.5,2.0
21207manora,77.0,95.0,95.0,3.0,10.5,0.0
41025manora,100.0,78.0,95.0,7.0,10.5,0.0
21209manora,97.5,96.0,96.0,3.0,16.5,1.0
555manora,96.0,68.0,88.0,8.0,3.0,1.0
12059manora,100.0,99.0,98.0,21.0,32.0,3.0
46167manora218735530012,80.0,93.0,97.0,28.5,23.0,1.0
21264manora210334480019,98.0,96.5,94.5,15.0,14.0,1.0
52037manora219342140012,97.0,36.0,96.0,36.0,7.0,0.0
51034manora35860207,72.0,21.0,100.0,12.5,0.0,0.0
52023manora219158820014,98.0,43.5,92.0,33.5,4.5,0.0
52054manora219314020016,100.0,20.0,96.0,28.5,5.0,0.0
29543manora217406910011,89.0,15.0,94.0,28.5,1.0,0.0
46235manora219403550010,100.0,70.5,96.0,12.5,15.5,1.0
29198manora110321600014,2.0,95.0,7.0,0.0,0.0,
44046manora218956780011,100.0,100.0,97.0,72.0,45.0,20.0
24222manora215412670012,99.0,98.0,88.5,52.0,15.0,2.0
12190manora214003470019,100.0,95.0,99.0,43.0,76.5,29.0
29570manora218746150011,92.0,92.0,85.5,33.0,21.0,2.0
12182manora210389210013,0.0,100.0,100.0,100.0,0.0,100.0
29188manora216164960014,95.0,98.0,78.5,56.0,10.5,4.0
46168manora63991345,100.0,95.0,88.5,49.5,87.5,17.0
46150manora43646075,96.0,100.0,60.0,33.0,25.0,3.0
21024manora215165670011,97.5,99.0,94.0,25.0,10.5,6.0
29621manora218777720014,100.0,88.0,97.0,63.0,36.0,17.0
31091manora219593560012,100.0,92.0,87.5,26.0,13.0,3.0
27006manora215002240018,100.0,100.0,94.0,25.0,72.0,36.0
29519manora12141428,95.0,95.0,75.0,36.5,14.0,1.0
17278manora214163370012,100.0,94.0,96.0,21.0,17.0,2.0
31087manora212702350016,95.0,96.0,95.0,45.0,22.0,6.0
668manora,95.0,74.0,82.0,8.0,2.0,0.0
29504manora217932960011,48.0,93.0,88.5,45.0,6.0,1.0
24173manora215422470016,97.0,82.0,97.0,16.0,23.5,8.0
24206manora210352670010,98.0,87.0,97.0,65.0,29.0,14.0
29184manora215053220014,100.0,100.0,95.5,62.0,99.0,66.0
29618manora214870860014,100.0,93.0,90.5,33.0,40.0,27.0
44100manora218862220012,100.0,52.5,83.5,6.0,8.0,0.0
46251manora40925880,94.0,53.0,84.0,0.0,25.0,4.0
662manora,56.5,98.0,100.0,58.5,63.0,3.0
46183manora46184163,52.0,88.5,56.0,0.0,0.0,3.5
46154manora46895255,99.0,98.0,88.0,100.0,75.0,16.5
663manora,68.0,40.0,82.5,5.0,0.0,0.0
46179manora36978681,96.0,91.0,91.5,100.0,100.0,22.0
44072manora080271400011,97.5,82.0,95.5,58.5,45.5,35.0
18130manora216228330016,93.0,95.0,95.0,28.0,12.5,1.0
46272manora31863829,94.0,23.0,90.0,0.0,25.0,6.5
16253manora215926790014,100.0,90.5,93.5,28.5,11.0,2.0
46182manora41356848,100.0,90.0,90.0,100.0,100.0,23.0
46222manora219221150017,98.0,77.0,98.0,44.5,43.0,18.0
44097manora,100.0,54.0,91.5,18.0,13.0,3.0
584manora170090480012,92.0,98.0,58.5,14.0,3.5,0.0
46280manora36575227,87.0,15.0,71.0,0.0,0.0,5.0
46202manora215299870015,96.5,80.5,98.0,49.5,37.0,13.0
29085manora,98.0,67.0,96.0,32.0,13.5,2.0
41208manora48618461,100.0,28.0,97.0,5.0,8.5,0.0
52035manora45762524,89.0,37.0,83.5,33.5,1.0,0.0
29191manora215109020015,97.0,35.0,94.5,65.5,5.0,24.0
41181manora40994592,78.0,56.0,95.0,14.0,5.5,0.0
29646manora211057310015,95.0,51.0,87.0,32.0,4.5,0.0
50003manora215022180010,97.0,3.5,98.0,23.5,3.0,0.0
46293manora214921320011,100.0,11.0,98.0,23.5,9.0,2.0
24238manora213633740017,100.0,96.0,97.0,87.0,41.5,37.0
46059manora213979860010,100.0,92.0,98.0,52.0,40.5,8.0
41118manora,35.0,97.0,79.0,40.0,6.0,0.0
12209manora213236800013,100.0,95.0,97.0,47.0,39.5,6.0
44050manora218697230010,100.0,97.0,95.5,54.0,29.0,6.0
44098manora213337200011,94.0,53.0,95.0,28.0,6.5,8.0
24269manora213689000019,100.0,95.0,97.0,88.0,43.0,8.0
29642manora210362180016,100.0,42.5,96.0,56.0,14.0,2.0
29662manora210301960011,100.0,26.0,97.0,18.5,12.0,4.0
41168manora219086590018,100.0,58.5,89.5,52.0,10.5,2.0
29679manora217933530010,97.0,6.0,100.0,28.0,8.5,26.0
29644manora216376710011,100.0,57.0,96.5,47.0,21.0,5.0
46146manora218009840015,100.0,100.0,93.5,43.0,36.5,7.0
17380manora211987100015,100.0,92.5,96.5,27.0,34.0,3.0
29663manora215887340017,74.0,26.0,92.0,7.0,0.0,0.0
44096manora219137960011,100.0,53.5,95.0,15.0,9.5,4.0
44134manora215270140019,100.0,16.5,95.5,38.5,6.5,1.0
24014manora190332690018,100.0,90.0,77.5,29.0,14.0,6.0
53007manora217794660018,100.0,13.5,96.0,3.5,13.0,6.0
44143manora218742560010,95.0,10.0,88.5,25.0,1.0,0.0
44080manora219273450011,97.5,78.0,90.0,3.5,18.0,4.0
46054manora217841250011,100.0,95.0,94.0,76.5,60.0,1.0
46218manora214856270019,96.0,78.0,97.0,7.0,19.0,14.0
46287manora210308510011,100.0,16.0,98.0,0.0,11.5,1.0
12242manora210143960016,100.0,98.0,98.0,87.0,46.0,96.0
12210manora211495130018,98.0,100.0,80.5,41.0,9.0,4.0
17255manora215288410018,18.0,98.0,97.0,36.0,7.0,3.0
689manora215345260016,8.5,93.0,98.0,16.0,1.5,7.0
29528manora214920890019,100.0,96.0,96.5,56.0,69.0,35.0
12213manora211428340014,97.0,95.0,95.0,41.0,22.5,12.0
29351manora215459170016,100.0,98.0,97.0,37.0,34.0,3.0
12249manora215768280010,98.0,93.0,92.5,48.0,14.5,4.0
44077manora213452870016,95.0,79.5,82.5,27.0,10.0,8.0
31520manora217607910019,96.0,98.0,95.0,43.0,20.0,11.0
44109manora219294350016,51.0,44.0,5.0,0.0,0.0,
44089manora219335030010,100.0,68.0,95.0,43.0,17.0,2.0
45109manora214878310013,98.0,93.0,97.0,48.0,36.5,9.0
41039manora213603060018,100.0,97.5,98.0,28.0,52.0,39.0
156manora214245250010,45.0,100.0,96.0,18.5,8.0,0.0
44039manora218709470016,96.0,96.0,91.0,61.0,13.0,4.0
12252manora214493550014,100.0,90.5,97.0,47.0,40.0,12.0
17373manora215030420017,97.0,95.0,96.0,67.0,31.5,7.0
17425manora213593970017,100.0,96.0,96.0,56.0,31.0,8.0
17448manora216793490013,100.0,96.0,95.5,47.0,29.0,23.0
44117manora214630120016,100.0,35.0,96.5,63.0,13.5,2.0
17374manora215030420017,100.0,95.0,96.5,56.0,32.5,4.0
24268manora215092040013,100.0,97.0,97.5,78.5,49.5,9.0
12199manora211412910010,100.0,97.0,97.0,63.0,42.0,25.0
12202manora212685770016,96.5,97.0,96.5,63.0,35.5,13.0
24281manora219040020014,44.5,93.0,98.0,54.0,12.5,1.0
17427manora214878080018,96.0,92.0,93.0,48.0,15.5,6.0
44019manora213725260011,100.0,93.0,97.0,43.0,37.5,4.0
24115manora210268210012,94.0,90.0,92.5,25.0,11.0,2.0
46018manora218760960017,57.5,37.0,0.0,0.0,0.0,
21278manora216088180017,100.0,94.0,97.0,63.0,46.0,31.0
46147manora217882610012,98.0,86.0,96.0,59.0,25.0,2.0
44127manora213790940013,98.0,20.0,92.0,33.5,2.0,0.0
41239manora54290196,97.0,11.0,96.0,16.0,2.0,0.0
29199manora216322240017,100.0,88.0,98.0,54.0,30.0,16.0
12245manora215132930014,96.0,91.0,94.0,45.0,18.0,4.0
29560manora218425150017,92.0,75.0,95.0,34.0,17.0,1.0
46111manora214423860014,100.0,89.0,94.5,43.0,20.0,2.0
21117manora216703360018,100.0,100.0,94.0,97.0,12.0,5.0
45110manora212538240012,100.0,92.0,97.0,18.5,40.0,19.0
44058manora219569710018,96.0,84.0,96.0,34.0,15.5,15.0
44079manora214819790012,93.0,78.0,81.5,39.0,9.0,6.0
17064manora214783930014,100.0,82.0,82.5,16.5,11.0,2.0
49015manora210628940017,100.0,82.0,98.0,56.0,45.5,23.0
29076manora216386200016,99.0,96.0,99.0,32.0,58.0,15.0
41190manora211539070015,97.0,45.0,91.5,16.5,14.0,3.0
29569manora218573630017,100.0,93.5,98.0,61.0,45.5,12.0
18143manora,98.0,97.0,92.5,23.0,8.5,0.0
341manora,100.0,99.0,98.0,38.5,34.0,3.0
44108manora218373920011,100.0,48.0,97.0,21.0,15.0,3.0
41143manora32559972,100.0,98.0,95.0,36.0,14.0,1.0
46131manora218977340010,2.5,95.0,3.0,0.0,0.0,
24015manora218224730016,100.0,84.0,93.0,63.0,14.5,2.0
29221manora212064570017,98.0,83.5,88.5,37.0,13.5,9.0
44091manora211678440016,95.0,66.0,91.0,1.0,4.5,0.0
21018manora,94.0,91.5,96.5,34.0,18.5,2.0
41013manora,96.0,91.0,91.0,21.0,6.5,1.0
18122manora,88.0,76.0,95.0,28.0,9.5,0.5
29628manora218238090014,95.5,82.0,97.0,28.0,18.5,3.0
41011manora,100.0,94.0,94.0,23.0,10.5,2.0
41207manora16413245,97.5,26.0,92.0,7.0,2.0,0.0
44120manora218728360018,100.0,26.0,91.5,11.5,9.0,0.0
44128manora218407510015,96.0,20.0,96.0,8.0,3.5,0.0
29661manora219559140014,90.0,10.0,94.0,21.5,3.0,0.0
25056manora217448990013,100.0,99.0,98.0,32.0,38.0,4.0
29580manora216680850014,75.0,93.0,95.0,25.0,14.0,0.0
24024manora213263260016,95.0,97.5,95.0,18.5,14.0,1.0
46228manora219173320019,100.0,73.0,93.0,45.0,12.5,1.0
24074manora53120205,82.0,100.0,97.0,27.0,20.5,3.0
44110manora219355060012,97.0,42.5,97.0,28.0,10.5,1.0
29664manora218573630017,95.0,21.0,97.5,8.0,6.5,0.0
46100manora38892235,100.0,96.5,96.0,27.0,19.0,2.0
339manora,96.5,98.0,94.0,21.0,11.0,0.0
17327manora212522750016,100.0,97.0,97.0,28.0,41.0,12.0
12192manora214886680010,100.0,93.0,99.0,72.0,84.5,100.0
2641manora217609820017,96.0,96.5,94.0,43.0,11.0,1.0
47001manora215241030014,100.0,95.5,100.0,62.0,100.0,100.0
44074manora219376300012,100.0,81.0,97.0,65.0,32.0,12.0
46208manora218734340015,99.0,74.0,96.5,37.0,25.0,0.0
12196manora212763440015,100.0,97.5,97.5,54.0,51.0,31.0
29181manora216582360012,100.0,91.5,90.5,18.0,18.0,3.0
29216manora215054660018,100.0,94.0,95.5,35.0,41.5,24.0
29565manora218478940012,96.0,88.5,94.5,37.0,16.0,0.0
45119manora219181680010,100.0,100.0,91.5,63.0,53.0,25.0
46127manora211679150011,100.0,100.0,90.5,37.0,20.0,5.0
24233manora218425150017,85.0,78.0,95.0,36.0,17.0,1.0
46076manora216680850014,72.0,97.0,95.5,37.0,17.0,0.0
44075manora213691240013,100.0,81.0,89.5,29.5,18.0,6.0
29027manora216106960015,100.0,77.0,98.0,25.0,32.5,9.0
29640manora218944140012,33.0,62.0,5.0,0.0,0.0,
41164manora54423878,94.0,67.0,94.0,36.0,7.5,0.0
41145manora218911700019,100.0,94.0,98.0,43.0,40.5,10.0
27035manora215099710014,100.0,93.0,95.0,37.0,20.0,3.0
43028manora41412109,97.0,74.0,97.0,8.0,19.0,1.0
29555manora210409520012,98.0,95.0,96.0,47.0,30.0,8.0
12322manora214652750012,99.0,83.0,96.0,28.0,15.5,4.0
29608manora218916750014,92.0,95.0,93.0,34.0,15.5,1.0
31212manora217941090016,100.0,82.0,82.5,11.0,8.5,2.0
29208manora217845340015,96.5,93.5,67.5,25.0,10.0,4.0
21019manora213981830018,100.0,93.0,97.0,34.0,35.5,11.0
29634manora219607450014,100.0,74.5,92.5,11.0,18.0,8.0
29649manora219346080014,100.0,29.0,96.0,37.0,10.0,0.0
46174manora217507350011,97.0,91.0,93.5,54.0,17.5,2.0
41115manora,100.0,96.0,96.0,23.0,17.5,3.0
29584manora214986330011,96.0,80.0,92.5,43.0,12.0,2.0
24127manora216310240017,77.0,71.0,95.5,9.0,13.0,0.0
41096manora216512350018,98.0,32.0,91.0,31.0,4.0,0.0
46104manora218810080015,98.0,89.0,80.5,60.0,18.0,0.0
12330manora216476820013,100.0,96.0,89.5,56.0,16.0,10.0
29174manora217657720019,96.0,92.0,90.5,23.0,11.5,8.0
29673manora215277730016,100.0,20.0,96.0,23.0,5.0,3.0
12219manora217365990016,100.0,96.0,96.0,52.0,32.0,18.0
2468manora213633860012,97.5,98.0,88.5,24.5,20.0,11.0
29611manora214214790013,97.5,96.0,98.0,27.0,39.5,8.0
29120manora214378960019,98.0,92.5,90.5,41.0,18.0,5.0
29615manora211694130018,100.0,95.5,88.5,30.0,15.0,4.0
29657manora212509010012,77.0,40.5,90.0,28.0,1.0,0.0
44101manora32545901,88.0,52.5,82.5,11.0,4.5,0.0
41005manora218036440014,100.0,100.0,97.5,61.0,54.5,32.0
44031manora218769600013,100.0,96.0,84.0,25.0,23.0,37.0
41218manora219385530017,77.0,17.0,92.5,3.5,0.0,0.0
46142manora32854194,97.0,77.0,94.5,8.0,9.5,0.0
21189manora,39.5,70.0,94.0,16.0,1.0,0.0
46210manora214135190013,36.0,78.0,98.0,0.0,7.5,0.0
46226manora216516220011,37.5,75.0,95.0,7.5,2.0,0.0
44095manora216862390019,100.0,45.0,96.5,21.5,16.0,4.0
49006manora,33.0,83.0,100.0,33.5,17.5,3.0
29629manora218640360012,100.0,81.0,100.0,54.5,79.0,15.0
49011manora216068730011,18.0,81.5,98.0,7.5,0.5,0.0
49019manora217834330013,100.0,83.0,99.0,36.0,70.0,29.0
49003manora214652890019,100.0,82.5,99.0,33.5,58.5,54.0
46204manora218340520014,97.0,80.0,77.5,14.0,8.5,1.0
49007manora,88.0,83.0,97.5,36.0,24.0,12.0
51002manora15496193,41.5,54.0,0.0,0.0,0.0,
46243manora211476510013,55.0,65.0,85.5,8.0,8.0,7.0
49005manora219172840019,100.0,82.5,98.0,33.5,41.0,23.0
620manora,69.5,29.0,93.0,1.0,0.0,0.0
46289manora219224330016,87.5,14.0,47.5,6.0,0.0,0.0
46290manora219224330016,97.0,14.0,72.5,8.5,1.0,0.0
29173manora212086000019,100.0,97.0,97.5,30.0,100.0,29.0
46308manora215029230013,100.0,3.0,91.5,6.0,2.5,0.0
46209manora216172040018,98.0,79.0,98.0,23.5,31.5,2.0
46001manora217129320010,62.0,93.0,64.0,5.0,0.5,0.0
141manora,95.0,50.0,91.0,14.0,3.0,0.0
46291manora219508650015,97.5,14.0,92.0,28.5,1.5,0.0
46215manora217456450014,96.5,78.0,83.0,11.5,11.0,0.0
46220manora190322120014,98.0,75.0,88.5,16.5,16.0,1.0
46203manora218340520014,94.0,80.0,76.0,11.5,7.5,0.0
46295manora218340520014,92.0,9.0,76.0,6.0,0.5,0.0
49018manora217834330013,100.0,83.0,100.0,49.5,81.0,54.0
49022manora,36.0,72.0,89.0,12.5,0.0,0.0
49009manora,59.5,83.0,99.0,44.5,30.0,17.0
49008manora,88.0,83.0,97.5,28.5,25.0,8.0
29676manora216740980016,81.0,15.0,96.0,12.5,0.0,0.0
29212manora217513290017,100.0,92.0,92.5,11.5,31.0,5.0
29200manora215180020014,100.0,89.0,94.0,58.0,55.0,100.0
47006manora216909710014,97.0,37.0,88.0,23.5,2.0,
12096manora214959420013,75.5,76.0,93.0,0.0,75.0,
29204manora212626000013,100.0,92.0,91.5,14.0,27.5,2.0
29596manora215989060013,100.0,92.0,90.0,14.0,22.5,2.0
46276manora51296329,71.0,20.0,97.0,16.5,0.0,2.0
49021manora,83.0,72.0,98.0,44.5,21.5,6.0
44132manora219460400014,100.0,18.0,96.0,0.0,4.5,0.0
13001manora,100.0,12.0,95.0,0.0,50.0,
44081manora218954580015,96.0,69.0,93.0,40.0,10.0,0.0
29162manora215989060013,98.0,92.0,93.5,16.5,35.5,16.0
12393manora217794660018,100.0,85.0,97.5,27.0,100.0,100.0
29637manora216933640012,98.0,65.0,96.0,16.5,39.5,14.0
44011manora210937880019,100.0,100.0,94.5,45.0,36.0,31.0
171manora217154130017,95.0,96.0,94.0,25.0,11.0,3.0
29686manora219367060012,100.0,3.0,95.5,20.0,4.0,0.0
17384manora218804280016,97.0,91.0,95.5,21.0,25.5,10.0
51018manora218544100013,87.0,37.0,98.0,7.5,14.5,2.0
52040manora218758690016,97.0,33.0,91.0,28.5,3.0,0.0
31092manora211849290013,95.0,95.0,96.0,27.0,17.0,12.0
46201manora215382190018,100.0,80.5,98.0,33.5,37.0,13.0
44070manora218270050014,96.0,82.0,76.0,16.0,11.0,15.0
46267manora213092300019,95.0,35.0,91.5,7.5,3.0,2.0
16391manora210148440010,97.0,52.0,95.0,12.5,8.0,4.0
52036manora216670630011,70.0,35.0,88.0,15.0,0.0,0.0
12071manora214214670018,100.0,64.0,94.5,36.0,9.5,2.0
46269manora219403450016,97.0,31.0,94.0,16.0,3.5,0.0
46279manora211229400017,97.0,21.0,82.5,6.0,3.0,8.0
29169manora,98.0,97.5,97.5,70.5,31.0,2.0
44140manora218558160013,95.0,13.0,96.0,27.0,4.5,1.0
46247manora213622680018,100.0,64.0,90.5,14.0,13.0,5.0
4131manora,96.0,94.0,95.0,12.0,13.5,1.0
46302manora218613610011,100.0,4.5,91.5,12.5,0.5,0.0
52077manora217453620016,97.0,4.0,97.0,23.5,2.0,1.0
50001manora218242820013,97.0,4.0,90.0,15.0,0.0,0.0
52080manora210263860019,89.0,3.0,100.0,12.5,0.0,0.0
29684manora212397380018,97.0,4.0,95.5,13.0,4.0,4.0
4017manora,100.0,28.0,97.0,7.0,9.0,1.0
51050manora216618280013,100.0,0.0,97.0,15.0,2.0,2.0
50007manora210346110017,93.0,2.0,91.5,5.0,0.0,0.0
46301manora210605800014,97.5,4.5,97.0,23.5,2.0,1.0
29675manora219455930019,93.0,17.0,94.0,12.0,1.5,3.0
41224manora217352540017,95.0,15.5,95.0,8.0,2.0,0.0
46309manora218691430018,97.0,3.0,96.0,12.0,1.0,0.0
46214manora17610759,100.0,78.0,97.5,15.0,28.0,18.0
22166manora,100.0,98.0,96.0,12.0,16.0,1.0
31506manora218137410013,1.0,100.0,89.5,1.0,0.0,0.0
45082manora215154860019,74.0,96.0,87.0,21.0,3.0,1.0
41040manora,92.0,92.0,89.0,12.0,8.0,0.0
12084manora213300470015,88.0,90.5,94.5,15.0,11.5,17.0
12275manora215132840015,58.0,91.0,87.5,28.0,7.0,53.0
46144manora218827260011,91.0,98.0,95.0,27.0,11.5,1.0
46224manora216406910013,93.0,76.0,69.5,8.5,5.5,0.0
26045manora215926790014,44.0,52.0,100.0,7.5,0.0,0.0
16294manora080227650016,48.0,47.0,100.0,7.5,0.0,
29659manora219333300010,100.0,37.0,96.5,34.0,14.5,26.0
46216manora217742810019,97.0,76.0,81.5,18.0,9.5,6.0
46173manora30850196,64.5,93.0,69.0,16.5,12.5,7.5
599manora212796510012,69.0,25.0,30.0,0.0,0.0,
625manora,86.0,37.5,81.0,3.0,0.5,0.0
691manora,96.5,14.0,97.0,16.0,4.5,0.0
29680manora216742510017,100.0,5.0,84.0,8.0,1.0,4.0
29685manora215306040019,88.0,4.0,1.0,0.0,1.0,
46128manora218417750019,100.0,89.0,83.0,25.0,6.0,1.0
50004manora210591550016,100.0,3.5,98.0,12.0,3.0,5.0
46307manora211150580019,94.0,3.0,93.0,1.0,0.0,0.0
614manora,100.0,61.0,83.5,34.0,2.0,0.0
51047manora217074180018,98.0,3.0,86.5,9.0,1.0,1.0
29687manora216804620015,90.0,2.0,0.0,0.0,1.0,
694manora,95.5,34.0,91.0,12.0,2.0,0.0
46217manora214614630013,92.0,78.5,80.5,100.0,25.0,100.0
52085manora212562100012,96.0,0.0,69.5,1.0,0.0,0.0
606manora,93.0,26.0,92.0,8.0,1.5,0.0
46221manora218267060012,94.0,4.5,87.0,23.5,0.0,1.0
24265manora211813010010,95.0,98.0,21.5,27.0,2.5,0.0
44125manora215368210015,97.0,21.0,91.5,36.0,3.0,1.0
46171manora218220920015,96.0,92.0,96.0,27.0,15.5,1.0
29539manora216531070017,97.0,61.0,72.0,3.0,2.0,1.0
29514manora218417750019,100.0,42.0,58.0,3.0,1.0,0.0
46052manora215294240013,100.0,96.0,97.0,0.0,31.0,0.0
46124manora217318430018,69.0,98.0,93.5,21.0,7.0,1.0
2618manora217682800012,72.0,97.0,94.0,7.0,7.5,0.0
44106manora215112670017,88.5,48.5,50.5,1.0,1.5,0.0
29619manora213360600012,59.0,90.0,66.5,14.0,2.0,0.0
29558manora211356710015,40.0,94.0,89.5,28.0,2.0,0.0
46242manora219117010018,55.0,66.0,64.5,35.0,1.0,0.0
46195manora218547340015,100.0,81.5,100.0,57.0,100.0,55.0
49001manora218021570014,97.0,79.5,94.5,12.5,12.0,2.0
52029manora217144950011,100.0,41.0,95.0,12.5,7.0,1.0
49020manora218492230019,100.0,83.0,99.0,36.0,69.0,38.0
12401manora218868070012,100.0,56.0,99.0,15.0,37.5,66.0
53003manora216537780016,100.0,36.0,95.5,0.0,7.5,100.0
496manora39294668,68.0,26.0,0.0,0.0,0.0,
52074manora218702600011,98.0,6.0,97.5,0.0,3.0,0.0
52075manora218461390014,98.0,6.0,95.0,0.0,1.5,0.0
51042manora211033640015,89.0,6.0,99.0,7.5,1.0,1.0
52079manora216876970012,100.0,3.5,94.0,15.0,1.0,0.0
51030manora43465415,75.0,23.0,96.5,23.5,0.5,0.0
44029manora212643600015,97.0,98.0,96.0,18.5,16.0,2.0
51032manora54712805,71.0,23.0,98.0,0.0,0.0,0.0
41154manora218774690017,96.0,57.0,95.0,16.0,8.0,1.0
31522manora,96.0,93.0,91.0,14.0,6.5,0.0
29670manora218954700010,80.5,22.0,93.0,8.0,1.5,2.0
51013manora213044880019,51.0,43.5,7.5,0.0,0.0,
12402manora219301590013,93.0,53.0,63.5,9.0,2.0,1.0
44083manora218703620016,99.0,74.0,95.5,8.0,11.0,3.0
46170manora33824027,83.5,93.0,73.0,66.0,25.0,12.0
46233manora212729310015,24.0,72.5,100.0,1.0,0.0,0.0
29223manora213912250016,29.0,70.0,96.0,1.0,0.0,1.0
12102manora213128370011,79.5,79.0,94.0,5.0,7.0,1.0
41174manora19382099,81.0,53.0,88.0,23.5,2.0,0.0
46250manora218221620015,93.0,62.0,91.0,12.5,5.0,0.0
25064manora217305370011,97.0,83.0,92.0,12.0,7.0,1.0
16382manora215926790014,76.0,90.5,87.0,12.5,3.5,1.0
16135manora215926790014,83.0,89.0,93.0,28.5,8.0,1.0
46234manora217407670014,95.0,72.5,90.0,15.0,5.0,2.0
25053manora,100.0,99.0,96.0,14.0,17.5,3.0
16386manora215926790014,26.0,78.5,96.5,0.0,1.5,0.0
41102manora42337455,23.5,88.0,96.0,5.0,2.0,0.0
41153manora219119850013,28.0,86.0,92.5,5.0,1.0,0.0
46236manora213988620019,29.5,70.5,100.0,0.0,3.0,0.0
52022manora219398830014,51.5,43.5,100.0,0.0,0.0,
49023manora218076570016,97.0,56.0,95.0,7.5,9.5,2.0
46177manora58961848,85.0,91.0,68.0,49.5,25.0,3.0
28061manora215926790014,91.0,2.0,100.0,0.0,0.0,
16290manora215926790014,20.0,90.0,91.0,0.0,0.5,0.0
46145manora219022580011,76.0,100.0,96.0,38.5,14.5,1.0
635manora,74.0,34.5,93.5,8.0,1.0,0.0
52067manora215923240013,94.0,9.0,78.0,15.0,0.0,0.0
46225manora46382868,88.0,75.0,54.0,16.5,0.0,3.5
46313manora217766770017,92.0,0.0,0.0,0.0,0.0,
51045manora218943570013,97.0,2.0,92.5,0.0,0.0,0.0
29220manora214636670018,46.0,84.0,98.0,23.5,11.0,2.0
46117manora210251570010,98.0,98.0,51.0,8.0,7.0,4.0
41058manora214837370011,88.0,97.0,76.5,9.0,6.0,0.0
41225manora217969630015,100.0,14.0,97.0,7.0,5.5,1.0
29648manora211360070017,100.0,50.0,82.5,8.5,7.0,3.0
12092manora210407370013,89.0,48.0,0.0,1.0,0.0,2.0
12399manora211686480013,100.0,40.0,91.0,7.5,3.0,0.0
44144manora218764670013,98.0,13.0,78.5,1.0,1.5,0.0
29135manora217778230012,95.0,95.0,87.0,3.0,6.0,2.0
44051manora218813770012,31.0,98.0,95.0,12.0,3.5,2.0
44147manora218465500019,98.0,12.0,49.0,6.0,0.5,0.0
29175manora214870500018,50.0,87.0,45.5,14.0,0.5,2.0
44036manora218720510010,95.0,79.0,48.5,1.0,1.5,3.0
29656manora216270390013,35.0,43.0,0.0,0.0,2.0,
29541manora218057830016,51.0,83.5,0.0,1.0,0.0,0.0
12093manora218139510015,100.0,100.0,96.5,69.0,79.0,67.0
12075manora218012380011,100.0,100.0,94.5,73.0,87.0,100.0
47023manora214907460014,100.0,96.0,95.5,52.0,50.5,64.0
29509manora216990230014,98.0,100.0,86.0,86.0,29.0,8.0
41161manora36784446,100.0,71.0,94.0,33.0,42.0,0.0
29591manora217642060018,100.0,97.5,90.5,26.0,39.0,2.0
31182manora215368210015,0.0,97.0,1.0,0.0,0.0,
21281manora214640660013,100.0,90.0,94.0,47.0,18.0,16.0
29170manora217513290017,97.0,92.0,87.5,6.0,17.0,1.0
46093manora216680850014,33.0,72.0,95.0,12.0,2.0,0.0
21022manora214544330016,95.0,98.0,95.5,38.5,14.5,1.0
29643manora219289140017,64.0,57.0,98.0,23.0,14.0,1.0
29624manora216620660014,39.5,83.5,94.0,21.5,4.0,0.0
17334manora211597500019,93.0,90.0,87.5,18.0,6.0,0.0
46163manora211549140016,98.0,93.0,96.0,38.5,16.0,3.0
46191manora213380720013,56.5,84.0,97.0,21.0,12.0,0.0
17341manora216102110017,96.0,88.0,95.0,25.0,11.5,1.0
46143manora218933410013,20.0,96.0,97.0,32.0,3.5,0.0
12201manora211076580014,27.5,79.0,95.5,5.0,1.0,0.0
16381manora215926790014,13.0,85.0,98.0,0.0,0.0,0.0
46186manora214588700013,45.0,86.0,96.0,16.0,6.5,0.0
41159manora217865740019,100.0,76.0,92.5,11.5,25.0,3.0
46166manora213614300015,97.0,91.5,92.5,3.0,12.0,0.0
41146manora219007230013,26.0,94.5,73.5,22.0,1.5,0.0
41036manora216570760010,100.0,96.5,98.0,14.0,35.5,4.0
19000manora217600410010,47.0,99.0,95.0,16.0,6.5,0.0
41185manora54469824,94.0,52.0,96.0,7.0,8.0,0.0
29651manora218737890016,95.0,49.0,96.5,18.5,10.0,1.0
51021manora218109420018,86.5,37.0,98.0,0.0,15.5,2.0
51019manora217905770010,87.0,37.0,98.0,0.0,15.0,1.0
51022manora218724590019,87.0,37.0,98.0,0.0,12.5,1.0
29602manora215476790019,88.0,4.5,0.0,0.0,0.0,
52078manora214131770015,97.0,4.0,95.0,0.0,1.0,1.0
49016manora216719550016,100.0,81.5,98.0,23.5,32.5,5.0
29633manora28691502,100.0,77.5,96.5,23.5,18.5,4.0
29625manora218616470016,26.5,69.0,1.0,0.0,0.0,
46162manora218289620010,100.0,94.0,98.0,18.5,36.5,7.0
44103manora218301490010,81.0,21.0,87.0,16.0,0.5,0.0
25018manora,19.0,83.5,96.0,3.0,0.5,0.0
17063manora,54.0,98.0,66.5,8.0,0.5,0.0
46105manora219283870013,3.0,94.0,1.0,0.0,0.0,
29513manora213067890010,63.0,97.0,86.0,21.0,5.0,0.0
41133manora27576638,100.0,48.0,97.0,7.0,12.0,1.0
44148manora216607220014,89.5,2.0,1.0,0.0,0.0,
16387manora215926790014,83.0,17.0,97.0,0.0,1.5,0.0
29622manora215473400015,15.5,86.0,94.0,8.0,0.0,0.0
12187manora212234810013,100.0,56.0,86.5,7.0,5.0,0.0
41206manora212299540010,96.0,30.0,73.5,1.0,2.5,1.0
12394manora212199370016,12.0,86.0,3.0,0.0,0.0,
26175manora215926790014,21.0,84.0,84.5,0.0,0.0,0.0
41183manora212674590011,98.0,55.0,88.0,1.0,5.5,2.0
41204manora213635700012,97.0,30.0,91.0,7.0,4.0,1.0
17322manora213113270016,96.0,92.0,96.0,25.0,17.5,2.0
24278manora216605860016,66.0,100.0,98.0,25.0,29.0,9.0
2411manora217274440013,100.0,96.0,93.0,25.0,9.5,0.0
46180manora41336466,94.0,91.0,87.0,33.0,75.0,11.0
499manora,25.0,79.0,90.0,7.0,0.0,0.0
29626manora218307280018,0.0,83.5,38.0,33.0,0.0,0.0
46109manora218194390018,97.0,93.0,86.0,32.0,7.5,0.0
46244manora50844327,97.5,63.0,77.0,16.5,25.0,2.5
46223manora020037360013,72.0,76.0,78.5,7.0,1.0,0.0
24131manora217173620016,100.0,99.0,98.0,16.0,33.5,5.0
46230manora54222030,72.0,73.0,0.0,16.5,0.0,1.5
46196manora49268209,23.0,82.5,82.0,16.5,0.0,2.0
46232manora48955019,28.0,72.5,94.0,0.0,0.0,1.5
29197manora217808910016,95.0,97.0,98.0,25.0,33.5,3.0
46184manora39684851,36.0,88.5,81.5,0.0,0.0,6.0
46193manora47846330,13.0,84.0,16.5,0.0,1.5,
46192manora49329811,96.0,84.0,85.5,0.0,50.0,11.0
31210manora215775180018,98.0,99.0,96.5,21.0,21.0,2.0
29500manora214695450010,33.0,98.0,96.0,21.0,6.0,0.0
24160manora,36.0,72.0,95.0,3.0,1.0,0.0
46258manora219305470012,58.0,52.0,97.0,18.5,3.0,0.0
632manora,96.0,72.5,91.0,8.0,5.0,0.0
615manora,97.0,68.0,87.5,12.0,3.0,0.0
52057manora218231590011,77.5,15.0,0.0,0.0,0.0,
125manora211069730014,99.0,19.0,94.5,12.5,3.0,1.0
46306manora217540320010,100.0,4.0,96.5,12.5,2.0,0.0
51040manora217349290013,100.0,11.0,94.0,7.5,2.0,0.0
46294manora219531490010,82.5,10.0,0.0,0.0,0.0,
49004manora,28.5,80.0,87.5,12.5,0.0,0.0
49012manora,18.0,80.0,99.0,0.0,0.0,0.0
29683manora150762930015,88.0,4.0,0.0,0.0,0.0,
46265manora215132810019,57.5,36.5,1.0,0.0,0.0,
41163manora35802097,95.0,73.0,30.5,3.5,2.0,0.0
41124manora,95.5,100.0,69.5,7.0,5.0,0.0
15184manora215926790014,91.0,76.0,76.0,12.5,2.0,0.0
46254manora14553601,100.0,59.0,97.5,0.0,19.5,1.0
31029manora217183490018,2.0,91.0,0.0,0.0,0.0,
46241manora46334582,33.5,68.0,86.5,49.5,0.0,2.5
49024manora216586050018,57.0,55.0,93.0,0.0,1.5,0.0
44076manora218663740016,73.0,79.5,65.0,7.0,0.5,0.0
41195manora52919037,87.0,46.0,97.0,21.0,8.5,1.0
44114manora219330090015,100.0,25.0,96.0,6.0,10.0,0.0
44131manora218216500015,98.0,16.0,97.0,14.0,5.0,1.0
41097manora19482433,85.0,98.0,97.0,14.0,23.5,2.0
18137manora217844290014,97.0,68.5,94.0,8.0,8.0,0.0
22221manora,89.0,97.0,96.0,21.0,14.5,1.0
2356manora217812430015,18.0,99.0,96.0,14.0,3.0,0.0
24244manora216590700013,0.0,100.0,97.0,15.0,0.0,0.0
46312manora219618830018,90.0,2.0,3.0,0.0,0.0,
44053manora218779730017,0.0,95.0,84.5,9.5,0.0,0.0
44135manora.,77.0,15.0,5.0,0.0,0.0,
46282manora218617050010,93.0,19.0,95.0,5.0,2.0,0.0
46260manora218289620010,100.0,49.0,97.0,16.0,11.5,1.0
41241manora219571910010,95.5,1.0,97.0,7.0,0.5,0.0
41071manora18041212,98.0,36.5,58.0,0.0,0.0,0.0
44130manora219377700014,97.0,18.0,97.5,8.0,6.5,1.0
41148manora42395922,25.0,78.0,91.5,7.0,0.0,0.0
44099manora219184270018,100.0,53.0,69.5,6.0,4.0,0.0
52058manora218998240015,90.0,14.0,95.0,57.0,1.5,0.0
46172manora213871880010,6.0,92.0,0.0,0.0,0.0,
24071manora218999030014,28.0,100.0,97.0,12.0,6.5,0.0
44104manora217593770010,50.0,49.0,94.0,7.0,0.0,0.0
41201manora217980150016,54.0,40.0,7.0,0.0,0.0,
2417manora,81.5,38.0,92.0,12.0,1.5,0.0
41200manora19761376,79.0,41.0,89.0,7.0,1.0,0.0
29700manora212602970012,98.0,6.0,95.5,12.5,2.0,2.0
46190manora47293381,77.0,86.0,84.5,66.0,37.5,8.5
46252manora49030135,36.0,60.5,95.0,0.0,0.0,2.0
46253manora49188247,55.0,60.5,85.0,16.5,0.0,2.0
46300manora49742776,96.0,0.0,80.0,33.0,0.0,2.0
46297manora219401460014,96.0,6.0,94.0,5.0,0.5,0.0
675manora,28.0,68.0,1.0,0.0,0.0,
601manora33395630,80.0,95.0,4.5,7.0,0.0,0.0
52039manora215040390013,84.0,33.0,76.0,0.0,0.0,0.0
51024manora218687280015,87.0,35.0,81.0,0.0,0.5,0.0
46199manora219117230018,100.0,81.5,86.5,8.5,14.0,1.0
46211manora219161790015,44.0,78.0,89.0,1.0,1.0,0.0
46042manora216378410015,55.0,100.0,91.0,5.0,3.5,0.0
17241manora216403810018,75.0,98.0,0.0,0.0,0.0,0.0
617manora,73.0,100.0,89.5,8.0,4.5,0.0
46187manora19026988,73.0,87.0,35.5,16.5,0.0,1.5
46164manora19643627,97.5,95.0,80.5,49.5,50.0,9.0
4060manora37108851,28.0,98.0,95.0,7.0,3.5,0.0
46245manora47160275,31.0,63.0,0.0,0.0,0.5,
678manora,80.5,27.0,91.0,5.0,0.5,0.0
46153manora31461958,7.0,100.0,96.0,16.5,12.5,1.5
46256manora49079042,63.0,53.0,75.5,33.0,0.0,2.0
46213manora44694136,68.0,21.0,16.5,0.0,2.5,
49002manora,72.0,21.0,7.5,0.0,0.0,
600manora,48.0,48.0,98.0,5.0,0.0,0.0
46284manora49726544,75.0,13.0,100.0,0.0,0.0,1.0
41086manora47196347,86.5,100.0,54.5,3.5,4.0,0.0
44012manora170296650010,21.0,75.0,3.5,0.0,0.0,
41156manora150352400016,59.0,66.0,14.5,1.0,0.5,0.0
31110manora,100.0,59.0,84.0,1.0,2.0,0.0
44137manora218933570010,95.0,16.0,64.5,3.5,1.0,0.0
44145manora219548000011,81.5,13.0,87.5,3.5,0.0,0.0
41120manora,100.0,40.0,63.0,3.5,2.5,0.0
18038manora216133640018,97.0,15.5,75.0,5.0,0.0,0.0
504manora18669121,8.0,96.0,97.0,3.0,1.0,0.0
44122manora218710010015,95.0,20.0,94.0,3.0,2.0,0.0
41235manora37626655,97.0,7.0,92.5,1.0,0.5,0.0
18128manora,98.0,96.0,95.0,5.0,14.0,0.0
31067manora,95.0,78.0,92.0,7.0,6.5,1.0
144manora,75.0,56.0,77.5,3.0,0.5,0.0
21155manora,98.0,98.0,92.5,5.0,8.5,0.0
29674manora219473580016,75.0,18.0,3.0,0.0,0.0,
46305manora213973240010,95.0,4.0,78.5,8.5,0.5,0.0
12291manora213586920018,91.0,0.5,1.0,0.0,0.0,
51048manora217603750017,97.5,1.0,86.5,7.5,0.0,0.0
46277manora217573030011,69.0,24.0,1.0,0.0,0.0,
29189manora217794660018,43.0,52.0,1.0,0.0,,
46275manora219492980016,75.0,24.0,82.5,3.5,0.5,0.0
46285manora25936137,94.0,13.0,86.5,0.0,0.0,4.5
46205manora216649550012,27.0,80.0,80.0,12.5,0.0,0.0
582manora216473740019,63.0,31.0,0.0,0.0,,
52083manora217767880010,96.0,2.0,94.0,33.5,0.0,0.0
46197manora219060600016,18.0,82.0,98.0,7.5,0.5,0.0
29647manora217684970012,46.0,50.5,98.0,7.5,0.0,0.0
4088manora212483290013,0.0,98.0,7.0,0.0,,
173manora216960340016,1.0,96.5,5.0,0.0,0.0,
2222222manora216854880010,37.0,58.0,1.0,0.0,,
22201manora216972350011,65.5,58.0,94.0,7.0,5.5,0.0
16369manora218410900015,100.0,56.0,79.5,12.5,2.0,0.0
15025manora215926790014,71.0,24.0,96.0,7.5,0.0,0.0
16141manora215926790014,84.0,66.0,45.0,7.5,0.0,0.0
603manora29865394,90.0,74.5,58.0,7.0,0.5,0.0
29136manora,14.0,91.0,89.0,1.0,0.0,0.0
2665manora,9.0,88.0,1.0,0.0,,
623manora,11.0,86.0,1.0,0.0,,
697manora,35.5,60.0,1.0,0.0,,
612manora,93.0,57.0,77.0,5.0,1.0,0.0
16271manora,39.5,56.0,7.5,0.0,,
695manora,60.5,33.0,7.0,0.0,,
654manora,79.0,38.0,85.0,5.0,0.5,0.0
52084manora215146610017,91.0,1.0,12.5,0.0,0.0,
52011manora215098970012,49.0,46.0,15.0,0.0,0.0,
52066manora41978593,97.5,8.5,72.0,28.5,0.0,0.0
50000manora214217090012,91.0,1.0,12.5,0.0,0.0,
46229manora25785269,23.0,73.0,0.0,0.0,1.0,
497manora214834700010,68.0,26.0,0.0,0.0,0.0,
41033manora,19.0,98.0,95.0,8.0,2.0,0.0
29672manora219538170011,71.0,22.0,1.0,0.0,0.0,
44126manora219184270018,97.0,20.0,29.0,1.0,0.5,0.0
50002manora212706160017,96.0,3.0,97.0,3.0,1.5,0.0
46259manora45727033,45.0,47.0,0.0,0.0,3.0,
46155manora214954370018,2.0,96.0,0.0,0.0,0.0,
46176manora217914600017,19.0,90.0,92.0,0.0,0.5,0.0
41129manora37481790,14.0,91.0,92.0,7.5,0.0,0.0
41219manora216099490012,98.0,18.0,80.5,6.0,2.5,0.0
41229manora52451855,92.0,13.0,92.0,1.0,0.5,0.0
629manora,16.0,80.5,1.0,0.0,0.0,
51038manora217903120019,81.0,12.0,0.0,0.0,0.0,
29681manora211850380012,88.0,4.5,1.0,0.0,0.0,
26133manora,96.0,75.0,24.0,7.5,0.0,0.0
20162manora020460550017,12.0,91.5,92.0,3.0,0.0,0.0
618manora,89.0,90.0,0.0,3.0,0.0,0.0
46010manora213880140016,98.0,92.0,81.0,5.0,5.5,0.0
46012manora217782400016,58.0,35.5,1.0,0.0,0.0,
29636manora217622250016,58.0,67.0,91.0,7.5,2.0,0.0
31536manora,64.5,77.0,77.0,12.5,1.0,0.0
41177manora219357880017,46.0,60.5,93.0,3.0,0.5,0.0
53006manora38874782,74.0,19.0,100.0,3.0,0.0,0.0
29058manora,23.0,95.0,91.0,5.0,1.0,0.0
690manora,49.0,46.0,1.0,0.0,0.0,
652manora,97.0,96.0,60.0,3.0,1.0,0.0
610manora,73.0,20.0,1.0,0.0,0.0,
51017manora33210872,54.0,40.0,0.0,0.0,0.0,
46266manora45395414,58.0,32.5,0.0,0.0,0.5,
46268manora6592026,59.0,31.0,0.0,0.0,1.5,
46271manora44076017,100.0,20.0,68.0,0.0,0.0,2.0
46149manora48913473,89.0,100.0,38.5,49.5,0.0,3.0
46159manora29626104,2.0,97.0,0.0,0.0,0.5,
29650manora219195540011,58.0,47.0,90.0,7.5,0.0,0.0
636manora,96.0,60.0,87.0,16.0,2.5,0.0
17222manora212953550016,15.0,88.5,95.5,1.0,0.5,0.0
52030manora219129010018,53.0,41.0,0.0,0.0,0.0,
12290manora214936800014,25.0,72.0,0.0,0.0,0.0,
46067manora211642110016,4.0,100.0,97.5,0.0,1.5,0.0
677manora,7.0,90.0,1.0,0.0,0.0,
682manora,17.5,79.0,1.0,0.0,0.0,
674manora,47.0,48.0,1.0,0.0,0.0,
640manora,90.0,2.0,1.0,0.0,0.0,
46141manora40539615,3.0,95.5,99.0,12.5,0.0,0.0
46152manora51512698,0.0,100.0,0.0,0.0,0.0,
53005manora215072050013,67.5,28.0,97.0,1.0,0.0,0.0
52069manora211941680019,96.0,5.0,80.5,7.5,0.0,0.0
17301manora210245570012,87.0,5.0,0.0,0.0,0.0,
51049manora43550981,91.0,1.0,0.0,0.0,0.0,
46292manora215515070018,80.0,13.0,0.0,0.0,0.0,
624manora,6.0,91.0,1.0,0.0,0.0,
670manora,6.0,91.0,1.0,0.0,0.0,
664manora,9.0,88.0,1.0,0.0,0.0,
613manora,79.0,18.0,95.0,3.0,0.0,0.0
637manora,89.0,3.0,1.0,0.0,,
660manora,45.0,50.0,1.0,0.0,0.0,
46114manora215013060016,0.0,100.0,0.0,0.0,0.0,
45084manora214482500010,0.0,100.0,3.0,0.0,,
52010manora215983760013,48.0,47.0,0.0,0.0,,
46310manora218044910016,90.0,2.0,0.0,0.0,0.0,
44052manora215504290011,8.0,96.0,0.0,3.0,0.0,0.0
22155manora215158190018,75.0,18.0,1.0,0.0,0.0,
46303manora213910610015,97.0,3.0,97.0,1.0,1.5,0.0
261manora020290340017,100.0,97.0,98.0,54.0,35.5,5.0
30020manora110255060010,97.0,98.0,97.5,61.0,30.5,15.0
20105manora110304060015,96.0,94.0,90.0,31.0,8.0,0.0
23013manora110304060015,100.0,94.0,95.0,43.0,18.0,1.0
30143manora020396120010,23.0,98.0,87.0,8.0,2.0,0.0
24227manora218417750019,70.5,96.0,95.0,38.5,18.0,4.0
4399manora214964050016,96.0,94.0,91.0,25.0,12.5,3.0
316manora214964050016,98.0,91.5,91.0,23.0,12.0,2.0
31107manora214684740012,100.0,98.0,97.0,48.0,40.0,7.0
42192manora218899800012,96.0,82.0,96.5,45.0,16.5,6.0
41155manora020574830019,17.0,82.0,93.5,3.5,0.5,1.0
43022manora110175450017,100.0,82.0,81.5,53.5,10.5,2.0
12224manora216179040013,70.5,94.0,96.5,27.0,22.5,3.0
30137manora110355010015,100.0,97.0,97.0,87.0,45.0,11.0
49014manora,99.0,80.5,90.5,15.0,6.0,2.0
2494manora020066170014,32.0,98.0,85.5,1.0,5.0,0.0
86manora110416660014,100.0,100.0,97.0,52.0,24.5,4.0
41059manora214958930018,41.0,68.0,0.0,8.0,0.0,3.0
12223manora110241350011,70.5,93.0,95.0,27.0,16.0,1.0
43024manora217750220012,100.0,76.0,95.0,28.0,16.0,1.0
42218manora48360173,74.0,72.0,94.5,28.0,6.0,0.0
30136manora215431490016,95.0,57.0,80.5,16.0,10.0,6.0
41038manora,81.0,96.0,90.5,100.0,20.0,5.0
48040manora020410190017,97.0,56.0,90.0,43.0,7.0,3.0
17392manora217182450012,100.0,92.5,95.0,63.0,25.0,8.0
12334manora020141420019,52.0,98.0,94.0,43.0,11.0,1.0
42168manora214626280012,100.0,96.0,94.5,43.0,21.0,4.0
41167manora219044470014,81.0,69.0,98.0,54.0,19.5,10.0
21017manora216985520018,100.0,96.0,94.0,62.0,16.0,1.0
45116manora020119840019,100.0,71.0,91.5,35.0,15.0,7.0
12370manora020133970013,97.0,95.0,87.5,37.0,13.5,2.0
41083manora214186770017,100.0,92.5,95.5,61.0,27.0,8.0
30140manora214284550011,100.0,96.0,97.5,72.0,49.0,18.0
12194manora214661590014,100.0,84.0,97.5,48.0,43.0,15.0
43055manora217484520013,98.0,47.5,76.0,37.0,7.0,4.0
43056manora212983460015,96.5,44.0,93.5,52.0,8.5,3.0
42202manora44109242,94.0,72.5,95.0,36.0,10.0,2.0
30025manora020399610019,96.5,52.0,96.0,48.0,16.0,3.0
30069manora020442490016,100.0,91.0,97.0,32.0,20.0,4.0
42157manora020550650010,100.0,45.0,95.0,21.0,12.5,2.0
4533manora110019650012,99.0,91.0,97.0,38.5,22.5,8.0
35517manora080282650014,98.0,27.5,0.0,12.0,0.0,0.0
30061manora217248700011,91.0,26.0,28.0,0.0,0.0,0.0
43062manora217842280011,100.0,35.0,97.0,38.5,11.0,4.0
4463manora215364230011,97.0,96.0,94.0,21.0,19.5,1.0
99manora020271040011,97.5,97.0,98.0,56.0,45.0,12.0
43083manora020608510011,97.5,21.0,97.0,25.0,7.0,3.0
42252manora020149630012,95.0,21.5,90.5,3.5,6.0,11.0
42238manora150709400015,76.0,43.0,96.0,16.0,3.5,0.0
24199manora080161050016,66.0,25.0,65.0,4.0,0.0,0.0
30019manora020347140011,97.5,48.0,97.0,52.0,11.5,7.0
30074manora110235960016,97.5,54.0,98.0,56.0,18.5,3.0
30047manora110221720018,100.0,40.0,97.0,41.0,9.5,1.0
43067manora213590910013,100.0,31.0,97.5,23.0,10.5,2.0
43063manora050225780018,100.0,37.0,97.0,25.0,11.5,3.0
43025manora218821570019,100.0,76.0,84.5,14.0,12.0,1.0
42237manora090304790015,100.0,48.0,85.5,33.0,12.0,2.0
42281manora150452860019,92.0,12.0,97.0,7.0,2.0,0.0
15194manora215926790014,83.0,73.0,76.0,12.5,1.5,0.0
43064manora020580470010,94.0,30.0,82.5,11.5,4.0,0.0
43080manora213814230010,97.0,23.5,95.5,18.5,3.5,0.0
42241manora43304568,98.0,31.0,95.0,14.0,4.5,0.0
43052manora218157000015,100.0,5.0,96.0,3.0,3.0,1.0
4538manora217038080017,97.0,14.0,98.0,7.0,6.0,0.0
21201manora110196380018,94.0,30.0,91.5,11.5,8.5,7.0
22038manora218592720018,100.0,20.0,98.0,3.0,11.5,1.0
43097manora218916750014,100.0,14.0,95.0,27.0,5.0,0.0
42166manora213809740014,100.0,21.0,97.0,36.0,10.0,1.0
98manora216340410018,100.0,97.0,96.5,78.5,36.5,17.0
26manora080133160015,96.0,95.0,94.5,65.0,20.5,33.0
12082manora217180210014,100.0,95.0,97.0,74.0,44.0,8.0
262manora214454870011,19.0,95.0,77.0,14.0,0.5,0.0
311manora214047020019,99.0,94.0,95.5,41.0,27.0,3.0
4304manora080195690018,100.0,95.0,93.0,48.0,17.0,2.0
24194manora080104310012,100.0,95.0,96.0,41.0,29.0,3.0
4055manora217584030018,100.0,97.0,98.0,72.0,66.5,25.0
258manora020050350018,100.0,95.0,97.0,36.0,23.0,16.0
30022manora216720460017,100.0,95.0,97.0,100.0,46.5,44.0
24231manora216531070017,100.0,97.0,98.0,74.0,65.5,46.0
4225manora190332750010,97.0,95.0,93.0,43.0,16.0,4.0
24200manora216650520016,92.0,0.0,100.0,5.0,0.0,0.0
31523manora215018420010,100.0,97.0,96.5,44.5,22.5,12.0
30024manora214902220015,100.0,68.0,95.0,54.5,11.0,1.0
51011manora020527230019,97.0,44.5,95.0,12.5,8.0,1.0
52016manora216403890011,98.0,43.0,94.0,28.5,6.0,15.0
52021manora45762524,100.0,43.0,97.0,65.5,13.5,7.0
51027manora30706626,74.0,31.0,88.0,15.0,0.0,0.0
51033manora50734156,73.0,21.5,98.0,12.5,0.0,0.0
52053manora43235478,88.0,21.0,91.5,23.5,1.0,0.0
51023manora46177623,94.0,18.0,80.0,7.5,0.0,0.0
51036manora49477575,75.0,18.0,100.0,0.0,0.0,
52014manora020594040013,85.0,17.0,97.0,0.0,2.0,1.0
52068manora219358190014,89.0,8.5,96.0,7.5,0.5,0.0
52026manora170325360011,86.0,40.5,96.5,65.5,7.0,0.0
43036manora217660130014,97.5,70.0,95.0,49.5,11.5,2.0
41217manora020366860016,100.0,20.0,97.5,54.5,8.5,0.0
51015manora020344720017,100.0,41.0,96.0,28.5,9.0,2.0
52000manora020624510012,90.0,45.5,94.5,33.5,5.5,0.0
52065manora110240400015,96.0,10.0,96.5,33.5,3.0,0.0
43045manora216684330015,98.0,64.0,96.0,33.5,12.0,1.0
43090manora219515840010,96.0,17.0,96.0,23.5,3.5,0.0
12377manora,55.5,100.0,90.5,22.0,10.0,0.0
22095manora,100.0,98.0,98.0,74.0,45.5,18.0
48037manora110231250014,55.0,93.0,97.5,23.0,15.0,12.0
16023manora,100.0,86.0,83.0,28.5,3.5,0.0
30011manora218935220017,100.0,88.0,96.5,48.0,30.0,7.0
15076manora215926790014,94.0,74.0,89.0,23.5,5.0,1.0
15028manora215926790014,100.0,74.0,95.5,44.5,14.0,4.0
15082manora215926790014,59.0,69.0,77.5,0.0,0.5,0.0
15054manora215926790014,28.0,69.0,97.5,0.0,0.0,0.0
48014manora150588790012,52.0,100.0,98.0,47.0,17.5,2.0
15079manora215926790014,97.0,55.0,96.0,15.0,11.0,2.0
14217manora215926790014,83.0,80.0,92.5,7.5,6.5,0.0
14031manora215926790014,83.0,84.0,94.0,28.5,8.5,1.0
16066manora215926790014,77.0,57.0,91.0,7.5,3.0,0.0
14108manora215926790014,100.0,84.0,96.0,7.5,17.0,2.0
14037manora215926790014,81.0,77.5,89.0,7.5,4.0,0.0
14252manora215926790014,81.0,74.0,91.5,12.5,5.0,1.0
16379manora215926790014,100.0,78.5,89.0,33.5,5.0,0.0
16331manora215926790014,100.0,90.0,93.0,15.0,9.5,2.0
42239manora45382419,100.0,40.0,98.0,7.0,15.5,5.0
15080manora215926790014,60.0,69.0,93.0,15.0,3.0,0.0
42036manora020058800012,98.0,92.0,97.0,23.0,24.5,3.0
42243manora080167160018,100.0,30.0,98.0,23.0,11.5,3.0
43058manora110349420010,82.0,29.0,88.5,15.0,2.0,0.0
45096manora211711570017,99.0,98.0,90.0,18.5,6.5,18.5
21283manora215034530011,98.0,21.0,96.0,16.0,3.5,0.0
42233manora080201400012,98.0,57.0,97.0,32.0,16.5,2.0
42282manora43697864,81.0,12.0,100.0,3.0,0.0,0.0
42196manora32656825,83.0,16.0,97.0,1.0,1.0,0.0
42286manora150444490011,97.0,8.0,96.0,7.0,2.0,0.0
42215manora16756671,93.0,72.5,94.0,8.0,7.5,0.0
4042manora,91.0,84.0,68.0,7.0,1.0,0.0
42198manora48149088,91.0,76.0,91.0,12.0,5.0,0.0
43093manora217890560010,100.0,13.0,96.5,8.0,3.5,0.0
31531manora211691370018,100.0,97.0,97.0,81.0,38.0,16.0
500400manora216615300013,100.0,84.0,97.0,52.0,41.0,17.0
12389manora080145010013,100.0,93.0,78.5,14.0,7.5,33.0
4526manora020064880014,10.0,88.0,1.0,0.0,0.0,
43021manora080126240017,95.0,84.0,86.0,26.0,10.0,13.0
12398manora212513380015,95.0,82.0,72.5,11.5,6.5,80.0
31077manora215100420010,100.0,82.0,86.0,31.0,10.0,3.0
42258manora020483320018,74.0,19.0,5.0,0.0,0.0,
43102manora217668070010,100.0,6.5,95.5,28.0,6.5,9.0
50005manora080184860014,100.0,2.0,90.5,9.0,1.5,0.0
42200manora217636540011,26.5,76.0,81.5,45.5,0.5,0.0
29224manora214230430018,93.0,67.5,73.0,0.0,1.5,0.0
43044manora219328690019,99.0,65.0,90.5,37.5,17.5,4.0
51000manora210775100013,87.0,51.0,56.0,15.0,0.0,0.0
30026manora080264850015,94.0,51.0,95.0,23.0,11.5,1.0
43076manora217850180012,82.0,23.5,75.5,1.0,1.0,0.0
31543manora020458760018,100.0,93.0,92.5,6.0,29.5,3.0
43074manora110274750019,94.0,23.0,97.0,3.0,6.5,2.0
24226manora216668060017,100.0,84.0,81.5,16.5,10.5,1.0
236manora212470530010,78.0,21.0,96.0,5.0,0.5,0.0
52043manora216157830011,97.0,31.0,93.5,7.5,3.5,0.0
52050manora180196000011,100.0,25.0,94.5,54.5,4.5,0.0
46281manora217186430016,91.0,18.0,80.0,1.0,0.0,0.0
42263manora150852370019,87.0,18.0,92.0,5.0,0.5,0.0
43096manora45374367,98.0,15.0,93.0,28.5,2.0,0.0
43031manora110436090019,100.0,74.0,92.5,71.0,21.0,31.0
43075manora110436350010,98.0,23.0,93.5,37.0,8.0,13.0
48038manora070263710018,55.5,88.0,92.5,100.0,11.5,1.0
24223manora,100.0,98.0,80.5,14.0,9.0,1.0
574manora110412690016,98.0,97.0,89.5,26.0,16.0,13.0
48039manora150768170012,50.0,71.0,86.0,35.0,2.5,0.0
24204manora213597890018,99.0,100.0,97.0,81.0,39.0,36.0
42040manora020057000012,100.0,95.0,92.5,47.0,15.0,17.0
12078manora215315650010,97.5,95.0,97.0,56.0,37.5,31.0
21015manora213981830018,100.0,98.0,97.0,45.0,46.0,26.0
42037manora212334750012,100.0,92.0,95.0,63.0,25.0,7.0
12404manora215259400018,74.0,48.0,95.5,25.0,7.0,27.0
21050manora213981830018,100.0,93.0,95.5,25.0,27.5,8.0
12079manora020057000012,97.0,13.5,90.0,25.0,2.0,0.0
41179manora43060263,96.0,58.0,96.5,21.0,12.0,1.0
19005manora,96.5,98.0,97.0,32.0,21.0,2.0
12268manora215057810010,51.0,98.0,94.0,34.0,10.5,0.5
42199manora080239600019,85.0,74.0,94.5,23.0,7.5,0.0
30063manora020547750018,96.0,100.0,87.0,18.0,6.0,0.0
14105manora215926790014,54.0,43.5,94.0,0.0,0.0,0.0
43054manora110175450017,97.5,49.0,66.5,39.0,3.5,0.0
43057manora28636758,67.0,41.5,94.0,14.0,1.0,0.0
14066manora215926790014,78.0,84.0,93.0,7.5,6.5,0.0
16077manora215926790014,94.0,36.0,85.0,23.5,1.5,0.0
45108manora215142920011,100.0,95.0,92.5,25.0,15.0,2.0
43084manora020260100018,97.5,21.0,98.0,12.0,10.0,1.0
41231manora150473250015,97.0,13.0,97.0,21.0,4.5,1.0
41077manora110316310011,100.0,95.0,96.0,41.0,31.5,4.0
24027manora215109870019,99.0,97.0,97.5,21.0,30.0,5.0
22013manora020410190017,97.0,19.0,69.0,23.0,0.5,0.0
31096manora217339170015,48.5,86.0,49.5,1.0,0.5,2.0
42221manora080257520013,76.0,69.0,84.0,5.0,1.5,0.0
42213manora50307543,85.0,72.5,84.5,3.0,2.0,0.0
42160manora215266630015,78.0,83.0,66.0,5.0,2.0,0.0
52005manora150509550013,100.0,45.5,87.0,23.5,2.5,0.0
43086manora110106350017,100.0,20.0,59.5,0.0,1.0,14.0
42256manora150776920017,95.0,19.0,96.0,7.0,3.0,0.0
42041manora,94.0,98.0,91.0,16.0,7.0,0.0
42292manora216954180010,100.0,0.0,94.0,16.0,3.0,0.0
42151manora080133450013,96.5,37.0,64.5,5.0,1.5,0.0
4202manora25239022,95.0,95.0,94.0,16.0,11.0,1.0
25026manora110337700013,68.0,83.0,76.0,8.5,5.0,0.0
22076manora,99.0,84.0,95.0,14.0,12.0,1.0
41196manora090305660018,91.0,45.5,64.5,3.5,2.5,0.0
22199manora,100.0,100.0,94.0,44.5,13.0,1.0
3manora080215210016,76.0,17.0,100.0,1.0,0.5,0.0
28manora080278210013,76.0,17.0,100.0,1.0,0.5,0.0
278manora080226160015,76.0,17.0,100.0,1.0,0.5,0.0
281manora,93.0,17.0,92.5,3.0,1.0,0.0
42257manora49074876,76.0,17.0,100.0,1.0,0.5,0.0
42240manora080260130018,89.0,39.0,86.0,12.5,1.5,0.0
42229manora17353519,85.0,17.0,96.0,1.0,1.0,0.0
42226manora14424648,85.0,67.0,82.5,5.0,1.5,0.0
42220manora080267670018,88.5,31.5,80.0,0.0,1.0,0.0
42265manora54183949,87.0,17.0,97.0,7.0,2.5,0.0
42211manora28390433,85.0,17.0,96.0,1.0,1.0,0.0
42201manora150698710013,84.0,72.0,84.0,6.0,3.0,0.0
42266manora35421289,98.0,17.0,96.5,7.0,4.5,0.0
42267manora080260130018,85.0,17.0,96.0,1.0,1.0,0.0
43020manora214734760011,0.0,94.0,6.0,0.0,0.0,
12316manora110070000011,45.0,95.0,88.5,12.0,4.0,0.0
42224manora25084835,85.0,67.0,77.0,5.0,1.0,0.0
42249manora49882902,100.0,22.0,97.0,12.0,7.5,0.0
190manora080204380012,97.5,29.0,97.5,7.0,9.5,1.0
43013manora150454910013,99.0,100.0,91.0,15.0,8.5,1.0
43006manora,95.5,86.0,71.0,12.5,2.0,0.0
52018manora150778690019,95.0,45.0,87.0,33.5,2.0,0.0
43070manora16514809,92.0,27.0,93.5,5.0,2.0,0.0
52032manora150973360014,83.0,40.0,91.5,33.5,2.0,0.0
43065manora218609290016,72.0,34.0,75.5,6.0,1.0,0.0
12279manora110301060014,100.0,24.0,97.5,7.0,8.5,0.0
42246manora020429650013,95.0,23.0,90.5,7.0,2.5,0.0
43082manora219275380010,71.0,22.0,99.0,3.5,0.0,0.0
43081manora020532620016,100.0,22.0,98.0,47.0,10.5,2.0
51014manora218578100016,75.0,23.0,90.0,7.5,0.0,
41215manora110363910011,95.5,16.5,92.0,7.0,1.0,0.0
52042manora18688220,97.0,31.5,93.0,49.5,3.5,0.0
52064manora49495846,82.0,11.0,0.0,0.0,,
52047manora090324180018,98.0,29.0,98.0,23.5,12.0,1.0
52072manora219189910015,97.0,6.0,92.0,7.5,0.5,0.0
43043manora215981450017,97.5,3.0,96.0,8.0,1.0,0.0
52031manora070089220014,100.0,40.0,96.0,28.5,9.5,0.0
43104manora217554240014,98.0,2.0,94.0,7.0,0.5,0.0
43068manora110394630010,95.0,30.0,69.0,6.0,2.0,1.0
84manora020237790011,96.5,97.0,89.0,38.5,5.5,0.0
45089manora020134320012,4.0,96.0,96.5,23.0,0.0,0.0
2443manora110354990016,49.0,97.0,85.0,7.0,1.5,0.0
43071manora110439300014,100.0,11.0,97.0,31.0,10.0,0.0
42290manora150489570014,96.5,5.0,98.0,12.0,2.5,1.0
42270manora080289820012,99.0,16.0,98.0,8.0,7.5,1.0
12280manora216450470015,100.0,95.0,93.5,7.0,27.0,10.0
31131manora217634800016,100.0,82.0,91.5,8.5,25.0,2.0
16133manora215926790014,74.0,90.0,83.0,0.0,2.5,0.0
14102manora215926790014,78.5,84.0,89.5,0.0,4.5,0.0
14311manora215926790014,100.0,80.5,93.0,12.5,9.0,0.0
14029manora215926790014,28.0,77.5,97.0,0.0,2.0,0.0
14213manora215926790014,83.0,84.0,93.5,12.5,8.0,0.0
14247manora215926790014,27.0,70.0,0.0,0.0,0.0,
16144manora215926790014,66.0,83.0,91.0,12.5,4.0,0.0
14030manora215926790014,97.0,83.0,95.5,7.5,14.5,2.0
14101manora215926790014,97.0,30.0,82.5,7.5,1.0,0.0
16032manora215926790014,82.0,47.0,90.0,7.5,2.0,0.0
16017manora215926790014,75.0,24.0,88.0,0.0,0.0,
16296manora215926790014,83.0,20.0,93.0,0.0,0.5,0.0
15201manora215926790014,82.0,25.0,96.0,7.5,2.5,0.0
14198manora215926790014,83.5,52.0,72.0,0.0,0.5,0.0
16059manora215926790014,27.0,75.0,89.0,0.0,0.0,0.0
16318manora215926790014,46.0,54.0,90.0,0.0,0.0,0.0
48025manora110198210012,4.0,95.0,98.0,18.5,0.0,0.0
48028manora45010248,3.0,100.0,94.0,16.0,0.0,0.0
42169manora,14.0,83.0,1.0,0.0,0.0,
42191manora150487680017,24.0,82.0,97.0,23.5,2.0,0.0
45088manora213624050011,46.0,71.0,93.0,28.0,1.5,0.0
43030manora44879651,32.0,73.5,89.0,18.5,0.0,0.0
42206manora18973728,100.0,73.0,97.0,16.0,21.5,0.0
43101manora020626580018,98.0,12.0,98.0,14.0,5.5,0.0
108manora110243060010,99.0,97.0,97.0,70.5,26.5,3.0
48029manora020561370014,6.0,100.0,96.5,23.0,1.0,0.0
43048manora150414700018,100.0,55.0,96.0,34.0,11.0,2.0
14314manora215926790014,83.0,74.0,69.0,0.0,1.0,0.0
16070manora215926790014,29.0,68.5,97.0,0.0,0.0,0.0
42253manora47693511,96.5,21.0,91.5,6.0,6.5,0.0
15075manora215926790014,85.0,11.0,93.0,0.0,0.0,0.0
14301manora216546170012,19.0,83.0,68.5,1.0,0.0,0.0
14274manora215926790014,29.0,79.0,95.0,0.0,1.5,0.0
14316manora216294240011,20.0,78.0,98.0,0.0,0.0,0.0
14257manora215926790014,83.0,77.0,83.5,7.5,2.5,0.0
42205manora43456137,86.5,73.0,80.0,8.0,1.5,0.0
14143manora215926790014,27.0,72.5,93.0,0.0,0.0,0.0
14317manora215926790014,29.0,76.0,96.5,0.0,1.5,0.0
14250manora215926790014,100.0,84.0,95.5,12.5,16.0,1.0
43051manora150650840014,43.0,54.5,97.0,8.0,0.0,0.0
51020manora217738340011,87.0,36.5,97.5,0.0,9.0,1.0
501manora42506199,97.0,19.0,98.0,1.0,8.5,1.0
41061manora213400230016,100.0,87.0,92.0,90.0,45.0,86.0
31513manora217719830017,100.0,97.0,97.5,62.0,46.0,21.0
42054manora216830230016,100.0,94.0,97.0,67.0,42.5,51.0
22175manora214860420011,100.0,98.0,90.5,39.0,19.0,2.0
42164manora080049290019,81.0,90.0,96.0,15.0,18.0,2.0
30058manora214425500015,100.0,87.0,95.0,68.0,18.0,2.0
24207manora210352670010,100.0,78.0,94.5,56.0,14.0,2.0
30029manora212113780016,100.0,86.0,97.0,37.0,29.0,2.0
42236manora216475340018,98.0,43.5,95.5,25.0,12.0,9.0
43046manora212113780016,100.0,48.0,97.0,28.0,22.0,1.0
43053manora020248150019,99.0,41.0,97.0,37.0,20.0,5.0
43060manora217997280015,89.0,28.0,96.5,21.5,10.0,1.0
12198manora212646120014,87.0,28.0,97.0,21.5,12.0,1.0
43047manora212113780016,100.0,43.5,95.5,18.0,12.0,0.0
43059manora213246150011,100.0,27.5,97.0,21.5,14.0,1.0
47002manora020246420019,100.0,98.0,95.5,41.0,44.0,43.0
47026manora216703240012,100.0,98.0,94.5,93.0,73.0,87.0
47022manora217450120012,100.0,97.0,96.0,73.0,100.0,36.0
12366manora217772660015,100.0,97.0,94.0,56.5,65.0,21.0
4369manora020143160014,14.0,100.0,14.5,16.5,0.0,0.0
41098manora215474100015,100.0,97.0,86.0,100.0,28.0,4.0
31533manora218393910011,98.0,55.0,70.5,53.0,7.0,1.0
26170manora215926790014,28.0,94.0,87.0,7.5,1.0,0.0
4482manora020160520015,100.0,99.0,97.0,0.0,28.0,2.0
42197manora080156540019,89.0,78.0,82.0,21.0,2.0,0.0
42214manora35995032,82.0,72.5,92.0,14.0,5.0,0.0
41041manora215206850019,100.0,47.0,84.0,0.0,11.0,2.0
43073manora216168350016,69.0,24.5,99.0,1.0,0.5,0.0
43099manora29133155,100.0,13.0,97.0,5.0,5.0,0.0
52028manora217049650014,97.0,42.0,95.0,0.0,7.0,0.0
43005manora,69.0,99.0,0.0,3.5,1.0,0.0
2446manora216764090010,88.0,100.0,91.0,44.5,7.5,0.0
42245manora080256330016,89.0,23.0,95.0,8.0,2.0,0.0
41216manora150920180011,100.0,20.0,97.0,8.0,6.5,1.0
43087manora110260720015,80.5,19.0,63.0,1.0,0.0,0.0
43088manora150891950012,100.0,18.0,98.0,21.0,7.5,1.0
42225manora48078558,85.0,67.0,65.0,5.0,0.5,0.0
52019manora020498260016,95.0,42.0,82.0,12.5,1.5,0.0
20184manora212716650017,86.5,29.0,68.5,3.5,1.0,0.0
52049manora46370061,93.0,27.0,86.0,0.0,1.0,0.0
43105manora150991470012,98.0,2.0,97.0,16.0,1.5,0.0
42295manora52472479,92.0,0.0,1.0,0.0,0.0,
43069manora150831020019,95.0,23.0,96.0,8.0,4.5,0.0
42287manora150978260018,100.0,6.0,96.5,25.0,4.0,0.0
42179manora150707930017,85.0,97.0,65.0,3.0,1.0,0.0
41151manora47726229,27.5,90.0,98.0,5.0,9.0,1.0
41134manora5302689-3,54.0,97.0,97.0,23.0,13.5,1.0
31539manora214424200018,68.0,81.0,93.0,12.0,5.0,0.0
102manora150463140012,97.0,100.0,96.0,21.0,16.0,1.0
42248manora150877560016,97.5,22.0,97.0,14.0,6.5,0.0
42242manora52388571,97.5,30.0,94.0,7.0,3.0,0.0
42232manora26064119,89.0,57.0,79.0,7.0,1.0,0.0
43066manora020620720012,79.5,15.0,87.5,3.5,0.0,0.0
42272manora44325149,97.5,13.0,94.0,7.0,1.5,0.0
42278manora44686614,85.0,12.0,94.0,5.0,0.0,0.0
42280manora17600289,80.0,12.0,1.0,0.0,0.0,
42284manora33623728,89.0,12.0,94.5,3.0,0.5,0.0
42285manora48570211,100.0,11.0,96.5,12.0,3.0,0.0
42208manora080246520017,98.0,72.0,89.5,5.0,4.5,0.0
41187manora17948370,96.5,49.0,97.0,28.0,12.0,1.0
42291manora38353641,89.0,3.0,5.0,0.0,0.0,
41240manora150932260015,97.0,5.0,97.0,5.0,2.0,0.0
2558manora110198300011,90.0,84.0,68.0,3.0,1.0,0.0
41104manora150467000010,94.0,97.0,97.0,36.0,26.5,4.0
42274manora37007918,97.5,8.0,91.5,5.0,0.5,0.0
41180manora020451680019,100.0,49.0,97.0,16.0,11.5,2.0
12004manora215070260010,82.0,14.0,97.0,1.0,0.5,0.0
42235manora217038390016,80.0,12.0,5.0,0.0,0.0,
43098manora110310960014,98.0,14.0,67.5,8.0,1.0,0.0
52045manora52193263,93.0,31.0,87.0,0.0,1.5,0.0
22133manora020475390010,100.0,97.0,97.0,25.0,22.5,4.0
48004manora020577190010,21.0,97.0,38.5,16.5,0.5,0.0
30134manora020528080010,30.0,100.0,63.5,16.5,1.5,0.0
22217manora,100.0,97.0,91.0,36.0,8.0,0.0
597manora217977200016,8.5,100.0,87.0,3.0,0.0,0.0
52027manora150626970019,60.0,42.0,98.0,28.5,2.0,0.0
52020manora090306710019,73.5,43.0,84.5,23.5,0.5,0.0
41182manora150726080015,100.0,50.0,97.5,43.0,17.0,3.0
43089manora150897400014,95.0,18.0,80.5,6.0,2.0,0.0
43091manora020552920015,100.0,16.0,96.5,8.0,4.5,0.0
42195manora45162964,30.0,78.0,92.0,12.5,0.5,0.0
42212manora42179348,85.0,69.0,64.0,5.0,0.5,0.0
42222manora29348005,75.0,69.0,40.0,8.0,0.0,0.0
43042manora213170720017,33.0,65.0,97.0,0.0,0.0,0.0
43041manora110351420014,46.0,64.5,90.0,15.0,0.5,0.0
41199manora110329920018,56.5,42.0,91.0,7.5,0.0,0.0
16388manora215926790014,95.0,44.0,82.0,15.0,1.5,0.0
16158manora215926790014,77.5,15.0,0.0,0.0,0.0,
43092manora150845140011,80.5,12.0,1.0,0.0,0.0,
41087manora215560660015,87.0,5.5,0.0,0.0,0.0,
20132manora214897440016,98.0,58.0,91.0,12.0,4.5,0.0
20002manora110385330018,95.0,15.0,49.5,3.5,0.5,0.0
43103manora48076152,90.0,2.0,0.0,0.0,0.0,
43107manora150912280010,100.0,1.0,96.0,7.0,1.0,0.0
52009manora110233780010,97.5,47.0,97.0,7.5,13.0,0.0
52033manora38118714,75.0,40.0,94.0,28.5,2.0,0.0
51035manora55022758,74.0,19.0,0.0,0.0,0.0,
106manora,87.5,97.0,93.0,8.0,8.5,0.0
26187manora215926790014,29.0,71.0,92.5,0.0,0.0,0.0
42260manora080167710018,100.0,18.0,95.0,7.0,3.0,0.0
52048manora150706320010,100.0,30.0,96.0,12.5,7.5,0.0
42262manora150731130017,89.0,18.0,91.0,5.0,0.5,0.0
52071manora150607760012,88.0,6.0,97.5,7.5,0.0,0.0
52046manora217049650014,97.0,30.0,96.0,7.5,7.0,0.0
43085manora110204940013,92.0,20.0,96.0,14.0,2.5,0.0
41166manora48445135,42.0,59.0,93.0,1.0,0.0,0.0
41002manora020056120014,32.0,80.0,8.5,6.0,0.0,0.0
20015manora,39.0,56.0,1.0,0.0,0.0,
42203manora38460832,75.0,74.0,35.0,5.0,0.0,0.0
42269manora17181594,92.0,8.0,95.0,5.0,0.5,0.0
42219manora26064119,75.0,18.0,1.0,0.0,0.0,
42259manora41991137,82.0,18.0,91.0,3.0,0.0,0.0
42283manora25969912,85.0,12.0,91.0,7.5,0.0,0.0
42279manora52847359,89.0,12.0,94.5,5.0,0.5,0.0
42264manora47854357,89.0,18.0,86.0,7.5,0.0,0.0
42255manora16633245,98.0,17.0,93.0,8.0,1.5,0.0
43050manora020563760014,59.0,52.0,92.5,16.0,2.0,0.0
42194manora020217660015,16.0,80.5,3.0,0.0,0.0,
52004manora50037938,68.0,48.0,79.0,7.5,0.0,0.0
14181manora215926790014,28.0,90.0,85.5,0.0,0.5,0.0
4535manora020546110015,16.0,81.0,1.0,0.0,0.0,
30144manora110237270017,19.0,82.0,94.0,14.0,0.0,0.0
43026manora59899020,20.0,76.0,5.0,0.0,0.0,
42231manora44790784,38.5,57.0,3.0,0.0,0.0,
14035manora215926790014,55.0,80.0,84.5,7.5,1.5,0.0
43033manora46323858,23.0,73.0,3.0,0.0,0.0,
30111manora020466400017,2.0,100.0,74.5,3.5,0.0,0.0
14036manora215926790014,29.5,70.0,93.0,0.0,0.0,0.0
16064manora215926790014,83.5,68.5,77.0,7.5,1.5,0.0
52073manora216412900016,94.0,5.0,94.5,0.0,0.5,0.5
43049manora110438900018,40.0,55.0,7.0,0.0,0.0,
41184manora020616380016,44.0,45.0,6.0,0.0,0.0,
52061manora218231590011,80.0,13.0,0.0,0.0,0.0,
42275manora45923122,85.0,13.5,93.0,3.0,0.0,0.0
50006manora41377995,90.0,2.0,100.0,5.0,0.0,0.0
42294manora080096990013,92.0,0.0,1.0,0.0,0.0,
42271manora65319274,87.0,14.5,94.0,5.0,0.5,0.0
42273manora52997867,85.0,13.5,93.0,3.0,0.0,0.0
42277manora36574405,85.0,8.0,1.0,0.0,0.0,
42250manora41161762,85.0,18.0,94.0,1.0,0.5,0.0
42204manora54437128,85.0,8.0,1.0,0.0,0.0,
42207manora150474570013,85.0,8.0,1.0,0.0,0.0,
41203manora080142240018,96.5,3.0,95.0,3.0,0.5,0.0
42254manora45230969,72.0,21.0,6.0,0.0,0.0,
42251manora44510413,78.0,14.0,1.0,0.0,0.0,
42193manora080275820015,15.0,82.0,5.0,0.0,0.0,
42261manora32465331,89.0,18.0,96.0,1.0,2.0,0.0
43072manora150864370019,100.0,26.5,92.5,1.0,10.5,0.0
21055manora212740120014,100.0,99.0,93.5,3.0,10.0,1.0
41175manora150454910013,90.0,64.0,85.0,0.0,2.5,0.0
41142manora213707170014,95.0,76.0,78.5,1.0,8.0,0.0
93manora020239470014,97.5,97.0,97.0,16.0,27.0,2.0
12327manora216748370012,62.0,32.0,5.0,0.0,0.0,
31538manora020453880015,16.5,98.0,79.0,5.0,0.0,0.0
41169manora32148507,30.0,66.0,3.0,0.0,0.0,
30146manora218836800015,4.0,93.0,100.0,1.0,0.0,0.0
42289manora190332750010,89.0,3.0,1.0,0.0,0.0,
42181manora17546186,15.0,82.0,1.0,0.0,0.0,
42276manora17504891,79.0,13.0,100.0,1.0,0.0,
43027manora217588890011,20.0,76.0,3.0,0.0,0.0,
43095manora52663327,93.0,15.0,91.5,0.0,1.0,0.0
42172manora,75.0,18.0,1.0,0.0,0.0,
43040manora214527580018,43.0,66.0,93.0,0.0,1.0,0.0
52012manora110387080019,67.0,27.0,36.0,0.0,,
42177manora51261825,0.0,98.0,5.0,0.0,,
41238manora110308810019,85.0,7.5,1.0,0.0,,
20102manora110332440013,13.0,90.0,73.5,0.0,0.0,
42170manora020589620015,2.0,95.5,1.0,0.0,,
48000manora020568960011,7.0,90.0,5.0,0.0,,
48016manora37890593,43.0,85.0,90.0,5.0,1.5,
43008manora,22.0,74.0,1.0,0.0,,
21150manora,23.0,73.0,1.0,0.0,,
41079manora,70.0,23.0,1.0,0.0,,
14306manora215926790014,22.5,74.0,0.0,0.0,,
43038manora217510510016,27.0,69.0,0.0,0.0,0.0,
43039manora218064300019,27.0,69.0,1.0,0.0,,
43037manora210260550019,27.0,69.0,0.0,0.0,0.0,
20161manora020383200010,14.0,82.0,3.0,0.0,0.0,
41205manora020315950018,68.0,25.5,1.0,0.0,0.0,
43079manora110405820015,100.0,23.0,96.0,1.0,5.5,0.0
42244manora150369510014,72.0,21.0,1.0,0.0,0.0,
256manora080235810019,75.0,0.0,0.0,0.0,0.0,
42247manora27322859,75.0,23.0,93.0,3.0,0.0,0.0
42293manora38482165,89.0,3.0,1.0,0.0,0.0,
41130manora214903030015,100.0,96.0,97.0,41.0,24.0,3.0
44023manora211629900017,100.0,95.0,80.5,22.0,12.0,7.0
44040manora150640530012,92.0,100.0,95.0,32.0,12.5,2.0
45135manora130146580018,69.0,78.0,83.5,13.0,5.0,2.0
46064manora211822920016,100.0,48.0,98.0,23.5,29.0,2.0
41080manora,61.0,34.0,98.0,3.0,0.0,0.0
46165manora48686420,4.0,95.0,0.0,0.0,0.0,
46060manora,49.0,53.5,92.0,7.5,0.0,0.0
12396manora41001091,83.0,85.0,91.5,18.0,15.0,1.0
45124manora130032020013,64.5,95.0,91.5,41.0,13.0,5.0
29561manora210278040012,100.0,93.0,97.0,18.0,38.0,3.0
12390manora170127220019,98.0,93.5,82.5,35.0,9.5,9.0
44056manora170336580018,100.0,91.0,95.0,16.0,22.0,2.0
2550manora,97.5,96.0,98.0,25.0,42.5,5.0
44055manora214706810018,97.5,91.0,93.0,38.5,16.5,11.0
44111manora170111460015,97.5,29.0,96.0,25.0,10.0,1.0
44045manora170053110010,54.0,93.5,85.0,38.5,3.5,1.0
29699manora218477570017,44.5,75.0,88.0,7.5,1.0,0.0
44124manora150808990015,97.5,24.0,89.5,29.5,6.0,1.0
44090manora25396600,77.0,21.0,95.0,0.0,0.0,0.0
121403manora170282860018,79.0,13.0,12.0,0.0,0.0,
44146manora150553440015,80.0,13.0,3.0,0.0,0.0,
44112manora218970240010,100.0,41.0,89.5,25.0,5.0,0.0
44048manora218970240010,100.0,98.0,96.0,61.0,30.5,5.0
48007manora070083340018,1.0,97.0,12.5,0.0,0.0,
12080manora040180700013,98.0,94.0,90.0,32.0,11.5,5.0
12341manora200104440018,8.0,90.0,95.5,3.0,0.0,2.0
14315manora215926790014,97.0,78.0,93.5,7.5,9.0,0.0
43034manora150559260019,39.0,72.5,81.0,1.0,0.0,1.0
46240manora120132700019,27.0,68.0,0.0,0.0,1.5,
51004manora150091870014,43.5,52.0,1.0,0.0,0.0,
51007manora060000350013,90.0,51.5,44.5,1.0,1.0,0.0
507manora110204600018,100.0,15.0,97.0,16.0,5.5,5.0
121402manora217768030010,79.0,13.0,12.0,0.0,1.0,
45149manora040548630010,97.5,9.5,64.5,3.0,0.0,0.0
12999manora217788570010,100.0,6.0,97.0,23.5,3.0,8.0
51043manora110175870016,98.0,4.0,98.0,54.5,3.0,48.0
51041manora100004430014,100.0,0.0,81.5,0.0,0.0,0.0
45155manora040253090015,96.0,1.0,80.5,5.0,0.0,0.0
45156manora180145260016,96.0,1.0,61.5,1.0,0.0,0.0
12388manora217908710019,24.0,95.0,86.0,66.0,6.0,7.0
48031manora070119850010,8.0,100.0,94.0,25.0,0.5,0.0
48030manora070132600014,3.0,100.0,98.0,21.0,1.0,0.0
48019manora150526060010,0.5,98.0,98.0,8.0,0.0,0.0
48033manora070248570014,6.0,97.0,97.5,25.0,1.0,0.0
48013manora070113950013,7.0,97.0,92.0,5.0,0.0,0.0
48015manora217394010016,0.5,97.0,3.0,0.0,0.0,
12329manora,40.0,96.5,51.0,5.0,0.0,0.0
48034manora070215100019,9.0,96.0,96.5,14.0,1.0,0.0
14309manora215926790014,23.0,85.0,94.0,0.0,1.0,0.0
14232manora215926790014,23.0,83.0,97.0,0.0,2.0,0.0
14258manora215926790014,48.0,83.0,65.5,23.5,0.0,0.0
45134manora50293207,18.0,78.0,1.0,0.0,6.0,
14206manora215926790014,46.0,77.0,86.5,0.0,1.0,0.0
14310manora215926790014,61.5,73.0,91.0,7.5,3.0,0.0
14282manora215926790014,97.0,26.0,92.0,7.5,2.5,0.0
14261manora215926790014,72.0,25.0,93.0,0.0,0.0,0.0
14067manora215926790014,75.0,21.0,92.5,0.0,0.0,0.0
45126manora190281360016,31.0,94.0,98.0,43.0,13.5,14.0
29590manora46329868,100.0,96.0,98.0,25.0,39.0,3.0
41088manora25605649,2.0,95.0,3.0,0.0,0.0,
41119manora25797709,96.5,95.0,97.0,43.0,26.5,2.0
41070manora218478650014,5.0,93.0,7.0,0.0,0.0,
44020manora216645090017,93.0,90.5,96.0,38.5,15.5,1.0
41091manora,97.0,88.5,92.0,21.0,7.0,0.0
46207manora18760547,20.0,79.0,96.0,5.0,0.0,0.0
41105manora,22.5,65.0,0.0,0.0,0.0,
29564manora218574410010,37.0,59.5,39.5,3.0,0.0,0.0
12333manora217977200016,90.0,57.0,79.0,7.0,1.0,0.0
29645manora64423058,54.0,56.0,90.5,7.0,0.5,0.0
4346manora212353970014,91.0,100.0,92.5,5.0,8.0,0.0
4501manora170292550011,54.0,95.0,97.0,27.0,11.0,1.0
16098manora215926790014,61.0,89.0,86.5,12.5,2.5,0.0
4352manora170158650015,95.5,100.0,97.0,36.0,22.5,4.0
4344manora170338110019,97.5,100.0,97.0,41.0,27.5,4.0
4480manora,97.5,100.0,98.0,12.0,33.5,5.0
4388manora,20.0,100.0,91.0,5.0,1.0,0.0
4326manora,95.5,100.0,96.0,16.0,19.0,1.0
44042manora,3.0,100.0,98.0,3.0,1.0,0.0
2521manora170336880011,97.5,100.0,98.0,18.5,33.0,7.0
29571manora214756240010,98.0,88.5,96.5,31.0,26.0,1.0
450002manora150622490012,100.0,98.0,87.0,79.0,30.0,25.0
45127manora190262500010,100.0,92.0,79.0,41.0,16.0,15.0
45120manora218471260016,97.5,91.5,0.0,70.5,2.0,18.0
45142manora150847560018,100.0,53.5,89.0,41.0,3.0,2.0
45150manora040502170017,97.0,5.0,71.0,12.0,0.0,5.0
45093manora190257370015,100.0,98.0,89.0,90.0,33.0,45.0
45125manora130051740018,98.0,95.0,92.5,54.0,23.5,7.0
45136manora070172930015,100.0,74.0,90.5,60.0,15.0,6.0
45115manora040455420016,100.0,89.0,86.0,52.0,10.5,7.0
45122manora100203610012,20.5,96.0,93.5,35.0,5.0,4.0
47028manora170207050012,96.0,96.0,86.0,45.0,11.0,4.0
45100manora170227870015,100.0,100.0,87.5,20.0,14.0,3.0
12368manora120197010017,97.0,94.0,79.5,24.0,8.0,1.0
45114manora120142820017,97.0,95.0,80.5,35.0,8.5,0.0
45098manora216698420011,55.0,94.0,68.5,5.0,2.5,0.0
45130manora215445940019,87.5,82.0,82.5,9.0,7.5,0.0
45118manora160206730012,100.0,81.0,83.5,9.0,9.0,0.0
47010manora,21.0,79.0,83.5,1.0,0.0,0.0
45139manora150579200011,90.0,69.0,25.5,3.0,1.0,3.0
45138manora170134820018,96.0,69.0,66.5,13.0,3.0,5.0
45146manora214441960017,66.5,20.0,0.0,0.0,0.0,
45152manora214557950018,94.0,6.0,73.5,9.0,0.0,0.0
45153manora219231560013,96.0,4.5,87.5,20.0,1.0,0.0
47000manora211328680018,97.0,89.0,84.5,69.5,23.0,41.0
45128manora180290160019,100.0,90.5,91.5,43.0,21.0,12.0
45129manora200082520014,100.0,89.0,90.5,45.0,17.0,5.0
45117manora190328450016,98.0,96.5,84.5,76.5,23.0,3.0
45092manora150444550014,41.0,100.0,92.5,41.0,9.5,1.0
45140manora150444550014,100.0,64.0,98.0,56.0,32.5,38.0
45148manora090331040013,100.0,20.0,86.0,31.0,3.0,4.0
12395manora070090350015,100.0,85.0,79.5,48.0,7.0,21.0
45131manora217796050012,93.0,82.0,62.5,18.0,3.0,0.0
45102manora150419680015,2.0,97.0,1.0,0.0,0.0,
49017manora190278310011,100.0,81.0,77.5,11.0,6.0,11.0
45132manora010205300011,98.0,81.0,69.5,18.0,4.5,6.0
12107manora218290450018,22.0,76.0,95.5,9.0,0.0,1.0
29222manora215291120017,99.0,76.0,72.5,14.0,4.5,8.0
45137manora030225200017,93.0,73.5,36.5,24.0,1.5,0.0
45141manora170227770010,94.0,61.0,64.5,13.0,2.5,2.0
45144manora130187870010,66.5,45.0,75.5,11.0,1.0,0.0
45145manora140158670014,97.0,29.0,81.5,30.0,3.0,1.0
45147manora215972750011,96.0,23.0,51.5,3.0,0.5,3.0
45111manora090220200012,86.0,9.0,89.5,7.0,0.0,0.0
45151manora100335690013,97.0,6.0,72.5,11.0,0.0,1.0
29225manora217834380010,95.5,4.0,90.5,77.0,1.0,2.0
45154manora217767730019,97.0,4.0,66.5,3.0,0.0,0.0
45143manora150933960010,100.0,41.0,90.5,71.0,8.0,10.0
12386manora070211190013,96.0,100.0,76.5,54.0,7.0,26.0
45097manora130160630019,99.0,100.0,90.5,54.0,20.0,2.0
45121manora090111620010,94.0,97.0,83.5,48.0,10.0,9.0
12367manora150309040011,100.0,96.0,82.5,69.0,10.0,9.0
45104manora217364940015,96.5,100.0,86.0,47.0,12.0,28.0
45113manora160198770014,100.0,92.0,90.5,56.0,18.0,5.0
12180manora213895440010,100.0,95.0,90.5,86.0,18.0,100.0
45103manora214288950014,98.0,98.0,92.5,60.0,24.0,58.0
12385manora218698280011,100.0,91.0,96.5,90.0,52.0,59.0
